Timestep,Steps - BLUE,Steps - ORANGE,Pressure Plates Activated - BLUE,Pressure Plates Activated - ORANGE,Blocks Placed - BLUE,Blocks Placed - ORANGE,Blocks Removed - BLUE,Blocks Removed - ORANGE,Messages Sent - BLUE,Messages Sent - ORANGE
0,0,0,0,0,0,0,0,0,0,0
1,0,0,0,0,0,0,0,0,0,0
2,0,0,0,0,0,0,0,0,0,0
3,0,0,0,0,0,0,0,0,0,0
4,1,0,0,0,0,0,0,0,0,0
5,1,0,0,0,0,0,0,0,0,0
6,1,0,0,0,0,0,0,0,0,0
7,1,0,0,0,0,0,0,0,0,0
8,1,1,0,0,0,0,0,0,0,0
9,1,1,0,0,0,0,0,0,0,0
10,1,1,0,0,0,0,0,0,0,0
11,1,1,0,0,0,0,0,0,0,0
12,1,1,0,0,0,0,0,0,0,0
13,1,1,0,0,0,0,0,0,0,0
14,1,1,0,0,0,0,0,0,0,0
15,2,1,0,0,0,0,0,0,0,0
16,3,1,0,0,0,0,0,0,0,0
17,3,1,0,0,0,0,0,0,0,0
18,3,2,0,0,0,0,0,0,0,0
19,4,2,0,0,0,0,0,0,0,0
20,4,3,0,0,0,0,0,0,0,0
21,4,3,0,0,0,0,0,0,0,0
22,5,3,0,0,0,0,0,0,0,0
23,5,3,0,0,0,0,0,0,0,0
24,5,3,0,0,0,0,0,0,0,0
25,6,3,0,0,0,0,0,0,0,0
26,6,4,0,0,0,0,0,0,0,0
27,6,4,0,0,0,0,0,0,0,0
28,6,4,0,0,0,0,0,0,0,0
29,6,4,0,0,0,0,0,0,0,0
30,6,4,0,0,0,0,0,0,0,0
31,6,4,0,0,0,0,0,0,0,0
32,6,4,0,0,0,0,0,0,0,1
33,6,4,0,0,0,0,0,0,1,1
34,6,4,0,0,0,0,0,0,1,1
35,6,4,0,0,0,0,0,0,1,1
36,6,4,0,0,0,0,0,0,1,1
37,6,4,0,0,0,0,0,0,1,1
38,6,4,0,0,0,0,0,0,1,1
39,6,4,0,0,0,0,0,0,1,1
40,6,4,0,0,0,0,0,0,1,1
41,6,4,0,0,0,0,0,0,1,1
42,7,4,0,0,0,0,0,0,1,1
43,7,4,0,0,0,0,0,0,1,1
44,7,4,0,0,0,0,0,0,1,1
45,7,4,0,0,0,0,0,0,1,1
46,7,4,0,0,0,0,0,0,1,1
47,7,4,0,0,0,0,0,0,1,1
48,7,4,0,0,0,0,0,0,1,1
49,7,4,0,0,0,0,0,0,1,1
50,8,4,0,0,0,0,0,0,1,1
51,8,4,0,0,0,0,0,0,1,1
52,8,4,0,0,0,0,0,0,1,1
53,8,4,0,0,0,0,0,0,1,1
54,8,4,0,0,0,0,0,0,1,1
55,8,4,0,0,0,0,0,0,1,1
56,8,4,0,0,0,0,0,0,1,1
57,8,4,0,0,0,0,0,0,1,1
58,9,4,0,0,0,0,0,0,1,1
59,10,4,0,0,0,0,0,0,1,1
60,10,4,0,0,0,0,0,0,1,1
61,10,4,0,0,0,0,0,0,1,1
62,10,4,0,0,0,0,0,0,1,1
63,10,4,0,0,0,0,0,0,1,1
64,10,4,0,0,0,0,0,0,1,1
65,10,4,0,0,0,0,0,0,1,1
66,10,4,0,0,0,0,0,0,1,1
67,10,4,0,0,0,0,0,0,1,1
68,10,4,0,0,0,0,0,0,1,1
69,11,4,0,0,0,0,0,0,1,1
70,11,4,0,0,0,0,0,0,1,1
71,11,4,0,0,0,0,0,0,1,1
72,11,4,0,0,0,0,0,0,1,1
73,11,4,0,0,0,0,0,0,1,1
74,11,4,0,0,0,0,0,0,1,1
75,12,4,0,0,0,0,0,0,1,1
76,12,4,0,0,0,0,0,0,1,1
77,12,4,0,0,0,0,0,0,1,1
78,12,4,0,0,0,0,0,0,1,1
79,12,4,0,0,0,0,0,0,1,1
80,12,4,0,0,0,0,0,0,1,1
81,12,4,0,0,0,0,0,0,1,1
82,12,4,0,0,0,0,0,0,1,1
83,12,4,0,0,0,0,0,0,1,1
84,12,4,0,0,0,0,0,0,1,1
85,13,4,0,0,0,0,0,0,1,1
86,13,4,0,0,0,0,0,0,1,1
87,13,4,0,0,0,0,0,0,1,1
88,13,4,0,0,0,0,0,0,1,1
89,14,4,0,0,0,0,0,0,1,1
90,14,4,0,0,0,0,0,0,1,1
91,14,4,0,0,0,0,0,0,1,1
92,14,4,0,0,0,0,0,0,1,1
93,15,4,0,0,0,0,0,0,1,1
94,15,4,0,0,0,0,0,0,1,1
95,16,4,1,0,0,0,0,0,1,1
96,16,5,1,0,0,0,0,0,1,1
97,16,6,1,0,0,0,0,0,1,1
98,16,6,1,0,0,0,0,0,1,1
99,17,6,1,0,0,0,0,0,1,1
100,17,6,1,0,0,0,0,0,1,1
101,17,7,1,0,0,0,0,0,1,1
102,17,7,1,0,0,0,0,0,1,1
103,17,8,1,0,0,0,0,0,1,1
104,17,8,1,0,0,0,0,0,1,1
105,18,8,1,0,0,0,0,0,1,1
106,18,8,1,0,0,0,0,0,1,1
107,18,8,1,0,0,0,0,0,1,1
108,18,8,1,0,0,0,0,0,1,1
109,18,8,1,0,0,0,0,0,1,1
110,18,8,1,0,0,0,0,0,1,1
111,18,8,1,0,0,0,0,0,1,1
112,19,8,1,0,0,0,0,0,1,1
113,19,8,1,0,0,0,0,0,1,1
114,19,8,1,0,0,0,0,0,1,1
115,19,8,1,0,0,0,0,0,1,1
116,19,8,1,0,0,0,0,0,1,1
117,19,9,1,0,0,0,0,0,1,1
118,19,10,1,0,0,0,0,0,1,1
119,19,10,1,0,0,0,0,0,1,1
120,19,10,1,0,0,0,0,0,1,1
121,19,10,1,0,0,0,0,0,1,1
122,19,10,1,0,0,0,0,0,1,1
123,19,10,1,0,0,0,0,0,1,1
124,19,11,1,0,0,0,0,0,1,1
125,19,11,1,0,0,0,0,0,1,1
126,19,11,1,0,0,0,0,0,1,1
127,20,11,1,0,0,0,0,0,1,1
128,21,11,1,0,0,0,0,0,1,1
129,21,11,1,0,0,0,0,0,2,2
130,21,11,1,0,0,0,0,0,2,2
131,21,11,1,0,0,0,0,0,2,2
132,21,11,1,0,0,0,0,0,2,2
133,21,12,1,0,0,0,0,0,2,2
134,21,12,1,0,0,0,0,0,2,2
135,21,12,1,0,0,0,0,0,2,2
136,21,12,1,0,0,0,0,0,2,2
137,21,12,1,0,0,0,0,0,2,2
138,21,12,1,0,0,0,0,0,2,2
139,21,12,1,0,0,0,0,0,2,2
140,21,13,1,0,0,0,0,0,2,2
141,21,13,1,0,0,0,0,0,2,2
142,21,13,1,0,0,0,0,0,2,2
143,21,13,1,0,0,0,0,0,2,2
144,21,14,1,0,0,0,0,0,2,2
145,21,14,1,0,0,0,0,0,2,2
146,21,14,1,0,0,0,0,0,2,2
147,21,14,1,0,0,0,0,0,2,2
148,21,14,1,0,0,0,0,0,2,2
149,21,14,1,0,0,0,0,0,2,2
150,21,15,1,0,0,0,0,0,2,2
151,21,15,1,0,0,0,0,0,2,2
152,21,15,1,0,0,0,0,0,2,2
153,21,15,1,0,0,0,0,0,2,2
154,21,15,1,0,0,0,0,0,2,2
155,21,15,1,0,0,0,0,0,2,2
156,21,15,1,0,0,0,0,0,2,2
157,21,15,1,0,0,0,0,0,2,2
158,21,15,1,0,0,0,0,0,2,2
159,21,15,1,0,0,0,0,0,2,2
160,21,15,1,0,0,0,0,0,2,2
161,21,15,1,0,0,0,0,0,2,2
162,21,15,1,0,0,0,0,0,2,2
163,21,16,1,0,0,0,0,0,2,2
164,21,16,1,0,0,0,0,0,2,2
165,21,16,1,0,0,0,0,0,2,2
166,21,16,1,0,0,0,0,0,2,2
167,21,16,1,0,0,0,0,0,2,2
168,21,16,1,0,0,0,0,0,2,2
169,21,16,1,0,0,0,0,0,2,2
170,21,16,1,0,0,0,0,0,2,2
171,21,16,1,0,0,0,0,0,2,2
172,21,16,1,0,0,0,0,0,2,2
173,21,16,1,0,0,0,0,0,2,2
174,21,16,1,0,0,0,0,0,2,2
175,21,17,1,0,0,0,0,0,2,2
176,21,17,1,0,0,0,0,0,2,2
177,21,17,1,0,0,0,0,0,2,2
178,21,17,1,0,0,0,0,0,2,2
179,21,18,1,0,0,0,0,0,2,2
180,21,19,1,0,0,0,0,0,2,2
181,21,19,1,0,0,0,0,0,2,2
182,21,19,1,0,0,0,0,0,2,2
183,21,19,1,0,0,0,0,0,2,2
184,21,19,1,0,0,0,0,0,2,2
185,21,19,1,0,0,0,0,0,2,2
186,21,20,1,0,0,0,0,0,2,2
187,21,20,1,0,0,0,0,0,2,2
188,21,20,1,0,0,0,0,0,2,2
189,21,21,1,0,0,0,0,0,2,2
190,21,21,1,0,0,0,0,0,2,2
191,21,21,1,0,0,0,0,0,2,2
192,21,21,1,0,0,0,0,0,2,2
193,21,22,1,0,0,0,0,0,2,2
194,21,22,1,0,0,0,0,0,2,2
195,21,23,1,0,0,0,0,0,2,2
196,21,23,1,0,0,0,0,0,2,2
197,21,24,1,0,0,0,0,0,2,2
198,21,24,1,0,0,0,0,0,2,2
199,21,24,1,0,0,0,0,0,2,2
200,21,25,1,0,0,0,0,0,2,2
201,21,25,1,0,0,0,0,0,2,2
202,21,25,1,0,0,0,0,0,2,2
203,21,25,1,0,0,0,0,0,2,2
204,21,25,1,0,0,0,0,0,2,2
205,21,25,1,0,0,0,0,0,2,2
206,21,25,1,0,0,0,0,0,2,2
207,21,25,1,0,0,0,0,0,2,2
208,21,25,1,0,0,0,0,0,2,2
209,21,25,1,0,0,0,0,0,2,2
210,21,25,1,0,0,0,0,0,2,2
211,21,25,1,0,0,0,0,0,2,2
212,21,25,1,0,0,0,0,0,2,2
213,21,25,1,0,0,0,0,0,2,2
214,21,25,1,0,0,0,0,0,2,2
215,21,25,1,0,0,0,0,0,2,2
216,21,25,1,0,0,0,0,0,2,2
217,21,25,1,0,0,0,0,0,2,2
218,21,25,1,0,0,0,0,0,2,2
219,21,25,1,0,0,0,0,0,2,2
220,21,25,1,0,0,0,0,0,2,2
221,21,25,1,0,0,0,0,0,2,2
222,21,25,1,0,0,0,0,0,2,2
223,21,25,1,0,0,0,0,0,2,2
224,21,25,1,0,0,0,0,0,2,2
225,21,25,1,0,0,0,0,0,2,2
226,21,25,1,0,0,0,0,0,2,2
227,21,25,1,0,0,0,0,0,2,2
228,21,26,1,0,0,0,0,0,2,2
229,21,26,1,0,0,0,0,0,2,2
230,21,26,1,0,0,0,0,0,2,2
231,21,26,1,0,0,0,0,0,2,2
232,21,26,1,0,0,0,0,0,2,2
233,21,26,1,0,0,0,0,0,2,2
234,21,26,1,0,0,0,0,0,2,2
235,21,26,1,0,0,0,0,0,2,2
236,21,27,1,0,0,0,0,0,2,2
237,21,27,1,0,0,0,0,0,2,2
238,21,27,1,0,0,0,0,0,2,2
239,21,27,1,0,0,0,0,0,2,2
240,21,27,1,0,0,0,0,0,2,2
241,21,27,1,0,0,0,0,0,2,2
242,21,27,1,0,0,0,0,0,2,2
243,21,27,1,0,0,0,0,0,2,2
244,21,27,1,0,0,0,0,0,2,2
245,21,27,1,0,0,0,0,0,2,2
246,21,27,1,0,0,0,0,0,2,2
247,21,27,1,0,0,0,0,0,2,2
248,21,27,1,0,0,0,0,0,2,2
249,21,27,1,0,0,0,0,0,2,2
250,21,27,1,0,0,0,0,0,2,2
251,21,27,1,0,0,0,0,0,2,2
252,21,27,1,0,0,0,0,0,2,2
253,21,27,1,0,0,0,0,0,2,2
254,21,27,1,0,0,0,0,0,2,2
255,21,27,1,0,0,0,0,0,2,2
256,21,27,1,0,0,0,0,0,2,2
257,21,27,1,0,0,0,0,0,2,2
258,21,27,1,0,0,0,0,0,2,2
259,21,27,1,0,0,0,0,0,2,2
260,21,27,1,0,0,0,0,0,2,2
261,21,28,1,0,0,0,0,0,2,2
262,21,28,1,0,0,0,0,0,2,2
263,21,28,1,0,0,0,0,0,2,2
264,21,28,1,0,0,0,0,0,2,2
265,21,29,1,0,0,0,0,0,2,2
266,21,29,1,0,0,0,0,0,2,2
267,21,29,1,0,0,0,0,0,2,2
268,21,29,1,0,0,0,0,0,2,2
269,21,29,1,0,0,0,0,0,2,2
270,21,29,1,0,0,0,0,0,2,2
271,21,29,1,0,0,0,0,0,2,2
272,21,29,1,0,0,0,0,0,2,2
273,21,29,1,0,0,0,0,0,2,2
274,21,29,1,0,0,0,0,0,2,2
275,21,30,1,0,0,0,0,0,2,2
276,21,30,1,0,0,0,0,0,2,2
277,21,30,1,0,0,0,0,0,2,2
278,21,30,1,0,0,0,0,0,2,2
279,21,30,1,0,0,0,0,0,2,2
280,21,30,1,0,0,0,0,0,2,2
281,21,30,1,0,0,0,0,0,2,2
282,21,30,1,0,0,0,0,0,2,2
283,21,30,1,0,0,0,0,0,2,2
284,21,31,1,0,0,0,0,0,2,2
285,21,31,1,0,0,0,0,0,2,2
286,21,31,1,0,0,0,0,0,2,2
287,21,31,1,0,0,0,0,0,2,2
288,21,31,1,0,0,0,0,0,2,2
289,21,31,1,0,0,0,0,0,2,2
290,21,31,1,0,0,0,0,0,2,2
291,21,31,1,0,0,0,0,0,2,2
292,21,31,1,0,0,0,0,0,2,2
293,21,31,1,0,0,0,0,0,2,2
294,21,31,1,0,0,0,0,0,2,2
295,21,31,1,0,0,0,0,0,2,2
296,21,31,1,0,0,0,0,0,2,2
297,21,31,1,0,0,0,0,0,2,2
298,21,31,1,0,0,0,0,0,2,2
299,21,31,1,0,0,0,0,0,2,2
300,21,31,1,0,0,0,0,0,2,2
301,21,31,1,0,0,0,0,0,2,2
302,21,31,1,0,0,0,0,0,2,2
303,21,31,1,0,0,0,0,0,2,2
304,21,32,1,0,0,0,0,0,2,2
305,21,32,1,0,0,0,0,0,2,2
306,21,32,1,0,0,0,0,0,2,2
307,21,32,1,0,0,0,0,0,2,2
308,21,32,1,0,0,0,0,0,2,2
309,21,33,1,0,0,0,0,0,2,2
310,21,33,1,0,0,0,0,0,2,2
311,21,33,1,0,0,0,0,0,2,2
312,21,33,1,0,0,0,0,0,2,2
313,21,33,1,0,0,0,0,0,2,2
314,21,34,1,0,0,0,0,0,2,2
315,21,34,1,0,0,0,0,0,2,2
316,21,34,1,0,0,0,0,0,2,2
317,21,34,1,0,0,0,0,0,2,2
318,21,34,1,0,0,0,0,0,2,2
319,21,34,1,0,0,0,0,0,2,2
320,21,34,1,0,0,0,0,0,2,2
321,21,34,1,0,0,0,0,0,2,2
322,21,34,1,0,0,0,0,0,2,2
323,21,34,1,0,0,0,0,0,2,2
324,21,34,1,0,0,0,0,0,2,2
325,21,34,1,0,0,0,0,0,2,2
326,21,34,1,0,0,0,0,0,2,2
327,21,34,1,0,0,0,0,0,2,2
328,21,34,1,0,0,0,0,0,2,2
329,21,34,1,0,0,0,0,0,2,2
330,21,34,1,0,0,0,0,0,2,2
331,21,34,1,0,0,0,0,0,2,2
332,21,34,1,0,0,0,0,0,2,2
333,21,34,1,0,0,0,0,0,2,2
334,21,34,1,0,0,0,0,0,2,2
335,21,34,1,0,0,0,0,0,2,2
336,21,34,1,0,0,0,0,0,2,2
337,21,34,1,0,0,0,0,0,2,2
338,21,34,1,0,0,0,0,0,2,2
339,21,34,1,0,0,0,0,0,2,2
340,21,34,1,0,0,0,0,0,2,2
341,21,34,1,0,0,0,0,0,2,2
342,21,34,1,0,0,0,0,0,2,2
343,21,34,1,0,0,0,0,0,2,2
344,21,34,1,0,0,0,0,0,2,2
345,21,34,1,0,0,0,0,0,2,2
346,21,34,1,0,0,0,0,0,2,2
347,21,34,1,0,0,0,0,0,2,2
348,21,34,1,0,0,0,0,0,2,2
349,21,34,1,0,0,0,0,0,2,2
350,21,34,1,0,0,0,0,0,2,2
351,21,34,1,0,0,0,0,0,2,2
352,21,34,1,0,0,0,0,0,2,2
353,21,34,1,0,0,0,0,0,2,2
354,21,34,1,0,0,0,0,0,2,2
355,21,35,1,0,0,0,0,0,2,2
356,21,35,1,0,0,0,0,0,2,2
357,21,36,1,0,0,0,0,0,2,2
358,21,36,1,0,0,0,0,0,2,2
359,21,37,1,0,0,0,0,0,2,2
360,21,38,1,0,0,0,0,0,2,2
361,21,38,1,0,0,0,0,0,2,2
362,21,39,1,0,0,0,0,0,2,2
363,21,39,1,0,0,0,0,0,2,2
364,21,39,1,0,0,0,0,0,2,2
365,21,39,1,0,0,0,0,0,2,2
366,21,39,1,0,0,0,0,0,2,2
367,21,39,1,0,0,0,0,0,2,2
368,21,39,1,0,0,0,0,0,2,2
369,21,39,1,0,0,0,0,0,2,2
370,21,39,1,0,0,0,0,0,2,2
371,21,39,1,0,0,0,0,0,2,2
372,21,39,1,0,0,0,0,0,2,2
373,21,39,1,0,0,0,0,0,2,2
374,21,39,1,0,0,0,0,0,2,2
375,21,40,1,0,0,0,0,0,2,2
376,21,40,1,0,0,0,0,0,2,2
377,21,40,1,0,0,0,0,0,2,2
378,21,40,1,0,0,0,0,0,2,2
379,21,40,1,0,0,0,0,0,2,2
380,21,40,1,0,0,0,0,0,2,2
381,21,40,1,0,0,0,0,0,2,2
382,21,40,1,0,0,0,0,0,2,2
383,21,41,1,0,0,0,0,0,2,2
384,21,42,1,0,0,0,0,0,2,2
385,21,42,1,0,0,0,0,0,2,2
386,21,42,1,0,0,0,0,0,2,2
387,21,42,1,0,0,0,0,0,2,2
388,21,43,1,0,0,0,0,0,2,2
389,21,43,1,0,0,0,0,0,2,2
390,21,44,1,0,0,0,0,0,2,2
391,21,44,1,0,0,0,0,0,2,2
392,21,44,1,0,0,0,0,0,2,2
393,21,44,1,0,0,0,0,0,2,2
394,21,45,1,0,0,0,0,0,2,2
395,21,45,1,0,0,0,0,0,2,2
396,21,46,1,0,0,0,0,0,2,2
397,21,47,1,0,0,0,0,0,2,2
398,21,47,1,0,0,0,0,0,2,2
399,21,47,1,0,0,0,0,0,2,2
400,21,47,1,0,0,0,0,0,2,2
401,21,47,1,0,0,0,0,0,2,2
402,21,47,1,0,0,0,0,0,2,2
403,21,48,1,0,0,0,0,0,2,2
404,21,48,1,0,0,0,0,0,2,2
405,21,49,1,0,0,0,0,0,2,2
406,21,49,1,0,0,0,0,0,2,2
407,21,49,1,0,0,0,0,0,2,2
408,21,49,1,0,0,0,0,0,2,2
409,21,49,1,0,0,0,0,0,2,2
410,21,49,1,0,0,0,0,0,2,2
411,21,49,1,0,0,0,0,0,2,2
412,21,50,1,0,0,0,0,0,2,2
413,21,50,1,0,0,0,0,0,2,2
414,21,50,1,0,0,0,0,0,2,2
415,21,50,1,0,0,0,0,0,2,2
416,21,50,1,0,0,0,0,0,2,2
417,21,50,1,0,0,0,0,0,2,2
418,21,50,1,0,0,0,0,0,2,2
419,21,50,1,0,0,0,0,0,2,2
420,21,51,1,0,0,0,0,0,2,2
421,21,51,1,0,0,0,0,0,2,2
422,21,52,1,0,0,0,0,0,2,2
423,21,52,1,0,0,0,0,0,2,2
424,21,52,1,0,0,0,0,0,2,2
425,21,52,1,0,0,0,0,0,2,2
426,21,53,1,0,0,0,0,0,2,2
427,21,53,1,0,0,0,0,0,2,2
428,21,53,1,0,0,0,0,0,2,2
429,21,53,1,0,0,0,0,0,2,2
430,21,53,1,0,0,0,0,0,2,2
431,21,53,1,0,0,0,0,0,2,2
432,21,53,1,0,0,0,0,0,2,2
433,21,53,1,0,0,0,0,0,2,2
434,21,54,1,0,0,0,0,0,2,2
435,21,55,1,0,0,0,0,0,2,2
436,21,55,1,0,0,0,0,0,2,2
437,21,55,1,0,0,0,0,0,2,2
438,21,55,1,0,0,0,0,0,2,2
439,21,56,1,1,0,0,0,0,2,2
440,22,56,1,1,0,0,0,0,2,2
441,23,56,1,1,0,0,0,0,2,2
442,24,56,1,1,0,0,0,0,2,2
443,24,56,1,1,0,0,0,0,2,2
444,24,56,1,1,0,0,0,0,2,2
445,24,56,1,1,0,0,0,0,2,2
446,24,56,1,1,0,0,0,0,2,2
447,24,56,1,1,0,0,0,0,2,2
448,24,56,1,1,0,0,0,0,2,2
449,25,56,1,1,0,0,0,0,2,2
450,25,56,1,1,0,0,0,0,2,2
451,25,56,1,1,0,0,0,0,2,2
452,25,56,1,1,0,0,0,0,2,2
453,25,56,1,1,0,0,0,0,2,2
454,25,56,1,1,0,0,0,0,2,2
455,25,57,1,1,0,0,0,0,2,2
456,25,57,1,1,0,0,0,0,2,2
457,25,57,1,1,0,0,0,0,2,2
458,25,57,1,1,0,0,0,0,2,2
459,25,57,1,1,0,0,0,0,2,2
460,25,57,1,1,0,0,0,0,2,2
461,26,57,1,1,0,0,0,0,2,2
462,26,57,1,1,0,0,0,0,2,2
463,26,57,1,1,0,0,0,0,2,2
464,26,57,1,1,0,0,0,0,2,2
465,26,57,1,1,0,0,0,0,2,2
466,26,57,1,1,0,0,0,0,2,2
467,27,57,1,1,0,0,0,0,2,2
468,27,57,1,1,0,0,0,0,2,2
469,27,57,1,1,0,0,0,0,2,2
470,27,57,1,1,0,0,0,0,2,2
471,27,57,1,1,0,0,0,0,2,2
472,27,57,1,1,0,0,0,0,2,2
473,28,57,1,1,0,0,0,0,2,2
474,28,58,1,2,0,0,0,0,2,2
475,28,58,1,2,0,0,0,0,2,2
476,29,58,1,2,0,0,0,0,2,2
477,29,58,1,2,0,0,0,0,2,2
478,30,58,1,2,0,0,0,0,2,2
479,30,59,1,2,0,0,0,0,2,2
480,30,59,1,2,0,0,0,0,2,2
481,31,59,2,2,0,0,0,0,2,2
482,31,59,2,2,0,0,0,0,2,2
483,31,59,2,2,0,0,0,0,2,2
484,31,59,2,2,0,0,0,0,2,2
485,31,59,2,2,0,0,0,0,2,2
486,31,59,2,2,0,0,0,0,2,2
487,31,59,2,2,0,0,0,0,2,2
488,31,59,2,2,0,0,0,0,2,2
489,31,59,2,2,0,0,0,0,2,2
490,31,59,2,2,0,0,0,0,2,2
491,31,59,2,2,0,0,0,0,2,2
492,31,59,2,2,0,0,0,0,2,2
493,31,59,2,2,0,0,0,0,2,2
494,31,59,2,2,0,0,0,0,2,2
495,31,59,2,2,0,0,0,0,2,2
496,31,59,2,2,0,0,0,0,2,2
497,31,59,2,2,0,0,0,0,2,2
498,31,59,2,2,0,0,0,0,2,2
499,31,59,2,2,0,0,0,0,2,2
500,31,59,2,2,0,0,0,0,2,2
501,31,59,2,2,0,0,0,0,2,2
502,31,59,2,2,0,0,0,0,2,2
503,31,59,2,2,0,0,0,0,2,2
504,31,59,2,2,0,0,0,0,2,2
505,31,59,2,2,0,0,0,0,2,2
506,31,59,2,2,0,0,0,0,2,2
507,31,59,2,2,0,0,0,0,2,2
508,31,59,2,2,0,0,0,0,2,2
509,31,59,2,2,0,0,0,0,2,2
510,31,59,2,2,0,0,0,0,2,2
511,31,59,2,2,0,0,0,0,2,2
512,31,59,2,2,0,0,0,0,2,2
513,31,59,2,2,0,0,0,0,2,2
514,32,60,2,2,0,0,0,0,2,2
515,32,60,2,2,0,0,0,0,2,2
516,32,60,2,2,0,0,0,0,2,2
517,32,60,2,2,0,0,0,0,2,2
518,32,60,2,2,0,0,0,0,2,2
519,32,61,2,2,0,0,0,0,2,2
520,32,61,2,2,0,0,0,0,2,2
521,32,61,2,2,0,0,0,0,2,2
522,32,61,2,2,0,0,0,0,2,2
523,33,61,2,2,0,0,0,0,2,2
524,33,61,2,2,0,0,0,0,2,2
525,34,61,2,2,0,0,0,0,2,2
526,34,61,2,2,0,0,0,0,2,2
527,34,61,2,2,0,0,0,0,2,2
528,34,61,2,2,0,0,0,0,2,2
529,34,61,2,2,0,0,0,0,2,2
530,35,61,2,2,0,0,0,0,2,2
531,35,61,2,2,0,0,0,0,2,2
532,36,61,2,2,0,0,0,0,2,2
533,36,62,2,3,0,0,0,0,3,3
534,36,62,2,3,0,0,0,0,3,3
535,36,62,2,3,0,0,0,0,3,3
536,37,62,2,3,0,0,0,0,3,3
537,37,62,2,3,0,0,0,0,3,3
538,37,63,2,3,0,0,0,0,3,3
539,37,63,2,3,0,0,0,0,3,3
540,37,63,2,3,0,0,0,0,3,3
541,37,63,2,3,0,0,0,0,3,3
542,38,64,2,3,0,0,0,0,3,3
543,38,64,2,3,0,0,0,0,3,3
544,39,64,2,3,0,0,0,0,3,3
545,39,64,2,3,0,0,0,0,3,3
546,39,64,2,3,0,0,0,0,3,3
547,39,64,2,3,0,0,0,0,3,3
548,39,64,2,3,0,0,0,0,3,3
549,40,64,2,3,0,0,0,0,3,3
550,40,64,2,3,0,0,0,0,3,3
551,40,64,2,3,0,0,0,0,3,3
552,40,64,2,3,0,0,0,0,3,3
553,40,64,2,3,0,0,0,0,3,3
554,40,64,2,3,0,0,0,0,3,3
555,40,64,2,3,0,0,0,0,3,3
556,41,65,2,3,0,0,0,0,3,3
557,41,65,2,3,0,0,0,0,3,3
558,41,66,2,3,0,0,0,0,3,3
559,42,67,2,3,0,0,0,0,3,3
560,42,67,2,3,0,0,0,0,3,3
561,42,67,2,3,0,0,0,0,3,3
562,42,67,2,3,0,0,0,0,3,3
563,42,67,2,3,0,0,0,0,3,3
564,42,67,2,3,0,0,0,0,3,3
565,42,67,2,3,0,0,0,0,3,3
566,42,68,2,3,0,0,0,0,3,3
567,42,68,2,3,0,0,0,0,3,3
568,43,68,2,3,0,0,0,0,3,3
569,43,68,2,3,0,0,0,0,3,3
570,43,68,2,3,0,0,0,0,3,3
571,43,68,2,3,0,0,0,0,3,3
572,43,68,2,3,0,0,0,0,3,3
573,43,68,2,3,0,0,0,0,3,3
574,44,68,2,3,0,0,0,0,3,3
575,44,68,2,3,0,0,0,0,3,3
576,44,68,2,3,0,0,0,0,3,3
577,44,68,2,3,0,0,0,0,3,3
578,44,68,2,3,0,0,0,0,3,3
579,44,69,2,3,0,0,0,0,3,3
580,44,69,2,3,0,0,0,0,3,3
581,44,69,2,3,0,0,0,0,3,3
582,44,69,2,3,0,0,0,0,3,3
583,44,69,2,3,0,0,0,0,3,3
584,44,69,2,3,0,0,0,0,3,3
585,44,69,2,3,0,0,0,0,3,3
586,45,69,3,3,0,0,0,0,3,3
587,45,69,3,3,0,0,0,0,3,3
588,45,70,3,3,0,0,0,0,3,3
589,45,70,3,3,0,0,0,0,3,3
590,45,70,3,3,0,0,0,0,3,3
591,45,70,3,3,0,0,0,0,3,3
592,45,70,3,3,0,0,0,0,3,3
593,45,70,3,3,0,0,0,0,3,3
594,45,70,3,3,0,0,0,0,3,3
595,45,70,3,3,0,0,0,0,3,3
596,46,70,3,3,0,0,0,0,3,3
597,46,70,3,3,0,0,0,0,3,3
598,46,70,3,3,0,0,0,0,3,3
599,46,70,3,3,0,0,0,0,3,3
600,46,70,3,3,0,0,0,0,3,3
601,46,70,3,3,0,0,0,0,3,3
602,46,70,3,3,0,0,0,0,3,3
603,46,70,3,3,0,0,0,0,3,3
604,46,70,3,3,0,0,0,0,3,3
605,46,70,3,3,0,0,0,0,3,3
606,46,70,3,3,0,0,0,0,3,3
607,46,70,3,3,0,0,0,0,3,3
608,46,70,3,3,0,0,0,0,3,3
609,46,70,3,3,0,0,0,0,3,3
610,46,70,3,3,0,0,0,0,3,3
611,46,70,3,3,0,0,0,0,3,3
612,46,70,3,3,0,0,0,0,3,3
613,46,70,3,3,0,0,0,0,3,3
614,47,70,3,3,0,0,0,0,3,3
615,47,70,3,3,0,0,0,0,3,3
616,48,70,3,3,0,0,0,0,3,3
617,48,70,3,3,0,0,0,0,3,3
618,49,71,3,3,0,0,0,0,3,3
619,49,71,3,3,0,0,0,0,3,3
620,49,71,3,3,0,0,0,0,3,3
621,49,71,3,3,0,0,0,0,3,3
622,49,71,3,3,0,0,0,0,3,3
623,49,71,3,3,0,0,0,0,3,3
624,49,71,3,3,0,0,0,0,3,3
625,50,71,3,3,0,0,0,0,3,3
626,50,71,3,3,0,0,0,0,3,3
627,50,71,3,3,0,0,0,0,3,3
628,50,71,3,3,0,0,0,0,3,3
629,51,71,3,3,0,0,0,0,3,3
630,51,71,3,3,0,0,0,0,3,3
631,51,71,3,3,0,0,0,0,3,3
632,51,71,3,3,0,0,0,0,3,3
633,51,71,3,3,0,0,0,0,3,3
634,51,71,3,3,0,0,0,0,3,3
635,51,71,3,3,0,0,0,0,3,3
636,51,71,3,3,0,0,0,0,3,3
637,51,71,3,3,0,0,0,0,3,3
638,51,72,3,3,0,0,0,0,3,3
639,51,73,3,3,0,0,0,0,3,3
640,51,73,3,3,0,0,0,0,3,3
641,51,73,3,3,0,0,0,0,3,3
642,51,74,3,4,0,0,0,0,3,3
643,51,74,3,4,0,0,0,0,3,3
644,51,74,3,4,0,0,0,0,3,3
645,51,74,3,4,0,0,0,0,3,3
646,51,74,3,4,0,0,0,0,3,3
647,51,74,3,4,0,0,0,0,3,3
648,51,74,3,4,0,0,0,0,3,3
649,51,74,3,4,0,0,0,0,3,3
650,51,75,3,4,0,0,0,0,3,3
651,52,75,3,4,0,0,0,0,3,3
652,52,75,3,4,0,0,0,0,3,3
653,52,75,3,4,0,0,0,0,3,3
654,53,75,3,4,0,0,0,0,3,3
655,53,75,3,4,0,0,0,0,3,3
656,53,76,3,4,0,0,0,0,3,3
657,53,76,3,4,0,0,0,0,3,3
658,53,76,3,4,0,0,0,0,3,3
659,53,77,3,4,0,0,0,0,3,3
660,53,77,3,4,0,0,0,0,3,3
661,53,77,3,4,0,0,0,0,3,3
662,53,77,3,4,0,0,0,0,3,3
663,53,77,3,4,0,0,0,0,3,3
664,53,77,3,4,0,0,0,0,3,3
665,53,77,3,4,0,0,0,0,3,3
666,53,77,3,4,0,0,0,0,3,3
667,53,77,3,4,0,0,0,0,3,3
668,53,78,3,4,0,0,0,0,3,3
669,54,78,3,4,0,0,0,0,3,3
670,54,79,3,4,0,0,0,0,3,3
671,54,79,3,4,0,0,0,0,3,3
672,54,79,3,4,0,0,0,0,3,3
673,54,79,3,4,0,0,0,0,3,3
674,54,79,3,4,0,0,0,0,3,3
675,55,79,3,4,0,0,0,0,3,3
676,55,79,3,4,0,0,0,0,3,3
677,55,80,3,4,0,0,0,0,3,3
678,55,80,3,4,0,0,0,0,3,3
679,55,80,3,4,0,0,0,0,3,3
680,55,80,3,4,0,0,0,0,3,3
681,55,81,3,4,0,0,0,0,3,3
682,55,81,3,4,0,0,0,0,3,3
683,56,81,3,4,0,0,0,0,3,3
684,56,81,3,4,0,0,0,0,3,3
685,56,81,3,4,0,0,0,0,3,3
686,56,81,3,4,0,0,0,0,3,3
687,56,81,3,4,0,0,0,0,3,3
688,56,81,3,4,0,0,0,0,3,3
689,56,81,3,4,0,0,0,0,3,3
690,56,81,3,4,0,0,0,0,3,3
691,56,81,3,4,0,0,0,0,3,3
692,56,81,3,4,0,0,0,0,3,3
693,56,81,3,4,0,0,0,0,3,3
694,56,81,3,4,0,0,0,0,3,3
695,56,81,3,4,0,0,0,0,3,3
696,56,81,3,4,0,0,0,0,3,3
697,56,82,3,4,0,0,0,0,3,3
698,56,82,3,4,0,0,0,0,3,3
699,56,82,3,4,0,0,0,0,3,3
700,56,82,3,4,0,0,0,0,3,3
701,56,82,3,4,0,0,0,0,3,3
702,57,83,3,4,0,0,0,0,3,3
703,57,83,3,4,0,0,0,0,3,3
704,57,83,3,4,0,0,0,0,3,3
705,57,83,3,4,0,0,0,0,3,3
706,57,83,3,4,0,0,0,0,3,3
707,57,83,3,4,0,0,0,0,3,3
708,57,84,3,4,0,0,0,0,3,3
709,57,85,3,4,0,0,0,0,3,3
710,57,85,3,4,0,0,0,0,3,3
711,57,85,3,4,0,0,0,0,3,3
712,57,85,3,4,0,0,0,0,3,3
713,58,86,3,5,0,0,0,0,3,3
714,58,86,3,5,0,0,0,0,3,3
715,58,87,3,5,0,0,0,0,3,3
716,58,87,3,5,0,0,0,0,3,3
717,58,87,3,5,0,0,0,0,3,3
718,58,88,3,6,0,0,0,0,3,3
719,59,88,3,6,0,0,0,0,3,3
720,59,88,3,6,0,0,0,0,3,3
721,59,88,3,6,0,0,0,0,3,3
722,59,88,3,6,0,0,0,0,3,3
723,59,88,3,6,0,0,0,0,3,3
724,59,88,3,6,0,0,0,0,3,3
725,59,88,3,6,0,0,0,0,3,3
726,59,89,3,6,0,0,0,0,3,3
727,59,89,3,6,0,0,0,0,3,3
728,59,89,3,6,0,0,0,0,3,3
729,60,89,3,6,0,0,0,0,3,3
730,60,89,3,6,0,0,0,0,3,3
731,60,90,3,7,0,0,0,0,3,3
732,60,90,3,7,0,0,0,0,3,3
733,60,90,3,7,0,0,0,0,3,3
734,60,90,3,7,0,0,0,0,3,3
735,60,90,3,7,0,0,0,0,3,3
736,60,90,3,7,0,0,0,0,3,3
737,60,90,3,7,0,0,0,0,3,3
738,60,90,3,7,0,0,0,0,3,3
739,60,90,3,7,0,0,0,0,3,3
740,60,90,3,7,0,0,0,0,3,3
741,60,90,3,7,0,0,0,0,3,3
742,60,90,3,7,0,0,0,0,3,3
743,60,90,3,7,0,0,0,0,3,3
744,60,90,3,7,0,0,0,0,3,3
745,60,90,3,7,0,0,0,0,3,3
746,60,91,3,7,0,0,0,0,3,3
747,60,91,3,7,0,0,0,0,3,3
748,60,91,3,7,0,0,0,0,3,3
749,60,91,3,7,0,0,0,0,3,3
750,60,92,3,8,0,0,0,0,3,3
751,60,92,3,8,0,0,0,0,3,3
752,60,92,3,8,0,0,0,0,3,3
753,60,92,3,8,0,0,0,0,3,3
754,60,92,3,8,0,0,0,0,3,3
755,61,92,3,8,0,0,0,0,3,3
756,61,92,3,8,0,0,0,0,3,3
757,61,93,3,8,0,0,0,0,3,3
758,62,93,3,8,0,0,0,0,3,3
759,62,93,3,8,0,0,0,0,3,3
760,62,93,3,8,0,0,0,0,3,3
761,62,93,3,8,0,0,0,0,3,3
762,62,93,3,8,0,0,0,0,3,3
763,62,94,3,8,0,0,0,0,3,3
764,62,94,3,8,0,0,0,0,3,3
765,62,94,3,8,0,0,0,0,3,3
766,62,94,3,8,0,0,0,0,3,3
767,62,94,3,8,0,0,0,0,3,3
768,63,94,3,8,0,0,0,0,3,3
769,63,94,3,8,0,0,0,0,3,3
770,63,94,3,8,0,0,0,0,3,3
771,63,94,3,8,0,0,0,0,3,3
772,63,94,3,8,0,0,0,0,3,3
773,63,94,3,8,0,0,0,0,3,3
774,63,94,3,8,0,0,0,0,3,3
775,63,94,3,8,0,0,0,0,3,3
776,63,95,3,8,0,0,0,0,3,3
777,63,95,3,8,0,0,0,0,3,3
778,63,95,3,8,0,0,0,0,3,3
779,63,96,3,8,0,0,0,0,3,3
780,63,96,3,8,0,0,0,0,3,3
781,64,96,3,8,0,0,0,0,3,3
782,64,96,3,8,0,0,0,0,3,3
783,64,96,3,8,0,0,0,0,3,3
784,64,97,3,8,0,0,0,0,3,3
785,64,97,3,8,0,0,0,0,3,3
786,65,97,4,8,0,0,0,0,3,3
787,65,97,4,8,0,0,0,0,3,3
788,65,97,4,8,0,0,0,0,3,3
789,65,97,4,8,0,0,0,0,3,3
790,65,97,4,8,0,0,0,0,3,3
791,65,97,4,8,0,0,0,0,3,3
792,65,97,4,8,0,0,0,0,3,3
793,65,97,4,8,0,0,0,0,3,3
794,65,98,4,8,0,0,0,0,3,3
795,65,98,4,8,0,0,0,0,3,3
796,65,98,4,8,0,1,0,0,3,3
797,65,98,4,8,0,1,0,0,3,3
798,65,98,4,8,0,1,0,0,3,3
799,65,98,4,8,0,1,0,0,3,3
800,65,98,4,8,0,1,0,0,3,3
801,66,98,4,8,0,1,0,0,3,3
802,66,98,4,8,0,1,0,0,3,3
803,66,98,4,8,0,1,0,0,3,3
804,66,98,4,8,0,1,0,0,3,3
805,66,98,4,8,0,1,0,0,3,3
806,66,98,4,8,0,1,0,0,3,3
807,66,98,4,8,0,1,0,0,3,3
808,66,98,4,8,0,1,0,0,3,3
809,66,98,4,8,0,1,0,0,3,3
810,67,98,5,8,0,1,0,0,3,3
811,67,98,5,8,0,1,0,0,3,3
812,67,98,5,8,0,1,0,0,3,3
813,67,98,5,8,0,1,0,0,3,3
814,67,98,5,8,0,1,0,0,3,3
815,67,98,5,8,0,1,0,0,3,3
816,67,98,5,8,0,1,0,0,3,3
817,67,98,5,8,0,1,0,0,3,3
818,67,98,5,8,0,1,0,0,3,3
819,67,98,5,8,0,1,0,0,3,3
820,67,98,5,8,0,1,0,0,3,3
821,67,98,5,8,0,1,0,0,3,3
822,67,98,5,8,0,1,0,0,3,3
823,68,98,5,8,0,1,0,0,3,3
824,68,99,5,8,0,1,0,0,3,3
825,68,100,5,8,0,1,0,0,3,3
826,68,100,5,8,0,1,0,0,3,3
827,68,100,5,8,0,1,0,0,3,3
828,68,100,5,8,0,1,0,0,3,3
829,68,100,5,8,0,1,0,0,3,3
830,68,101,5,8,0,1,0,0,3,3
831,68,101,5,8,0,1,0,0,3,3
832,68,101,5,8,0,1,0,0,3,3
833,69,101,5,8,0,1,0,0,3,3
834,69,101,5,8,0,1,0,0,3,3
835,69,101,5,8,0,1,0,0,3,3
836,69,101,5,8,0,1,0,0,3,3
837,69,101,5,8,0,1,0,0,3,3
838,69,101,5,8,0,1,0,0,3,3
839,70,101,5,8,0,1,0,0,3,3
840,71,102,5,8,0,1,0,0,3,3
841,72,102,5,8,0,1,0,0,3,3
842,72,102,5,8,0,1,0,0,3,3
843,72,102,5,8,0,1,0,0,3,3
844,72,102,5,8,0,1,0,0,3,3
845,72,102,5,8,0,1,0,0,3,3
846,72,102,5,8,0,1,0,0,3,3
847,72,102,5,8,0,1,0,0,3,3
848,72,102,5,8,0,1,0,0,3,3
849,72,102,5,8,0,1,0,0,3,3
850,72,102,5,8,0,1,0,0,3,3
851,72,102,5,8,0,1,0,0,3,3
852,73,102,5,8,0,1,0,0,3,3
853,73,102,5,8,0,1,0,0,3,3
854,73,102,5,8,0,1,0,0,3,3
855,74,102,5,8,0,1,0,0,3,3
856,74,102,5,8,0,1,0,0,3,3
857,74,102,5,8,0,1,0,0,3,3
858,74,102,5,8,0,1,0,0,3,3
859,74,102,5,8,0,1,0,0,3,3
860,75,102,5,8,0,1,0,0,3,3
861,76,103,5,8,0,1,0,0,3,3
862,76,103,5,8,0,1,0,0,3,3
863,76,103,5,8,0,1,0,0,3,3
864,76,103,5,8,0,1,0,0,3,3
865,76,103,5,8,0,1,0,0,3,3
866,76,103,5,8,0,1,0,0,3,3
867,76,103,5,8,0,1,0,0,3,3
868,76,103,5,8,0,1,0,0,3,3
869,76,103,5,8,0,1,0,0,3,3
870,76,103,5,8,0,1,0,0,3,3
871,76,103,5,8,0,1,0,0,3,3
872,76,103,5,8,0,1,0,0,3,3
873,76,103,5,8,0,1,0,0,3,3
874,76,103,5,8,0,1,0,0,3,3
875,76,103,5,8,0,1,0,0,3,3
876,76,103,5,8,0,1,0,0,3,3
877,76,103,5,8,0,1,0,0,3,3
878,77,104,5,8,0,1,0,0,3,3
879,77,104,5,8,0,1,0,0,3,3
880,78,104,5,8,0,1,0,0,3,3
881,78,104,5,8,0,1,0,0,3,3
882,78,104,5,8,0,1,0,0,3,3
883,79,105,6,8,0,1,0,0,3,3
884,79,105,6,8,0,1,0,0,3,3
885,79,105,6,8,0,1,0,0,3,3
886,79,105,6,8,0,1,0,0,3,3
887,79,106,6,8,0,1,0,0,3,3
888,79,106,6,8,0,1,0,0,3,3
889,79,106,6,8,0,1,0,0,3,3
890,79,106,6,8,0,1,0,0,3,3
891,79,106,6,8,0,1,0,0,3,3
892,79,107,6,8,0,1,0,0,3,3
893,79,107,6,8,0,1,0,0,3,3
894,79,107,6,8,0,1,0,0,3,3
895,79,107,6,8,0,1,0,0,3,3
896,79,108,6,8,0,1,0,0,3,3
897,79,108,6,8,0,1,0,0,3,3
898,79,108,6,8,0,1,0,0,3,3
899,79,108,6,8,0,1,0,0,3,3
900,79,108,6,8,0,1,0,0,3,3
901,79,108,6,8,0,1,0,0,3,3
902,79,108,6,8,0,1,0,0,3,3
903,79,108,6,8,0,1,0,0,3,3
904,80,108,6,8,0,1,0,0,3,3
905,81,108,6,8,0,1,0,0,3,3
906,81,108,6,8,0,1,0,0,3,3
907,81,108,6,8,0,1,0,0,3,3
908,81,108,6,8,0,1,0,0,3,3
909,81,108,6,8,0,1,0,0,3,3
910,81,108,6,8,0,1,0,0,3,3
911,81,108,6,8,0,1,0,0,3,3
912,81,108,6,8,0,1,0,0,3,3
913,82,108,6,8,0,1,0,0,3,3
914,82,109,6,8,0,1,0,0,3,3
915,83,109,6,8,0,1,0,0,3,3
916,83,109,6,8,0,1,0,0,3,3
917,84,109,6,8,0,1,0,0,3,3
918,84,109,6,8,0,1,0,0,3,3
919,84,109,6,8,0,1,0,0,3,3
920,85,109,6,8,0,1,0,0,3,3
921,85,109,6,8,0,1,0,0,3,3
922,85,109,6,8,0,1,0,0,3,3
923,85,109,6,8,0,1,0,0,3,3
924,86,109,6,8,0,1,0,0,3,3
925,86,109,6,8,0,1,0,0,3,3
926,86,109,6,8,0,1,0,0,3,3
927,86,109,6,8,0,1,0,0,3,3
928,86,109,6,8,0,1,0,0,3,3
929,86,109,6,8,0,1,0,0,3,3
930,86,110,6,8,0,1,0,0,3,3
931,87,110,6,8,0,1,0,0,3,3
932,88,110,6,8,0,1,0,0,3,3
933,88,110,6,8,0,1,0,0,3,3
934,88,110,6,8,0,1,0,0,3,3
935,88,110,6,8,0,1,0,0,3,3
936,88,111,6,8,0,1,0,0,3,3
937,88,111,6,8,0,1,0,0,3,3
938,88,111,6,8,0,1,0,0,3,3
939,88,111,6,8,0,1,0,0,3,3
940,88,112,6,8,0,1,0,0,3,3
941,88,112,6,8,0,1,0,0,3,3
942,88,112,6,8,0,1,0,0,3,3
943,88,112,6,8,0,1,0,0,3,3
944,88,112,6,8,0,1,0,0,3,3
945,88,113,6,8,0,1,0,0,3,3
946,88,113,6,8,0,1,0,0,3,3
947,88,113,6,8,0,1,0,0,3,3
948,88,114,6,8,0,1,0,0,3,3
949,88,114,6,8,0,1,0,0,3,3
950,88,114,6,8,0,1,0,0,3,3
951,88,115,6,8,0,1,0,0,3,3
952,88,116,6,8,0,1,0,0,3,3
953,88,116,6,8,0,1,0,0,3,3
954,88,116,6,8,0,1,0,0,3,3
955,88,116,6,8,0,1,0,0,3,3
956,88,116,6,8,0,1,0,0,3,3
957,88,116,6,8,0,1,0,0,3,3
958,88,116,6,8,0,1,0,0,3,3
959,88,117,6,8,0,1,0,0,3,3
960,88,118,6,9,0,1,0,0,3,3
961,88,118,6,9,0,1,0,0,3,3
962,88,118,6,9,0,1,0,0,3,3
963,88,118,6,9,0,1,0,0,3,3
964,88,118,6,9,0,1,0,0,3,3
965,88,118,6,9,0,1,0,0,3,3
966,89,118,6,9,0,1,0,0,3,3
967,89,118,6,9,0,1,0,0,3,3
968,89,118,6,9,0,1,0,0,3,3
969,89,118,6,9,0,1,0,0,3,3
970,89,118,6,9,0,1,0,0,3,3
971,90,118,6,9,0,1,0,0,3,3
972,90,118,6,9,0,1,0,0,3,3
973,90,118,6,9,0,1,0,0,3,3
974,91,118,6,9,0,1,0,0,3,3
975,91,118,6,9,0,1,0,0,3,3
976,92,118,6,9,0,1,0,0,3,3
977,93,118,6,9,0,1,0,0,3,3
978,93,118,6,9,0,1,0,0,3,3
979,94,119,6,9,0,1,0,0,3,3
980,95,119,6,9,0,1,0,0,3,3
981,95,120,6,9,0,1,0,0,3,3
982,95,120,6,9,0,1,0,0,3,3
983,95,120,6,9,0,1,0,0,3,3
984,95,120,6,9,0,1,0,0,3,3
985,95,120,6,9,0,1,0,0,3,3
986,96,120,6,9,0,1,0,0,3,3
987,96,120,6,9,0,1,0,0,3,3
988,96,120,6,9,0,1,0,0,3,3
989,96,120,6,9,0,1,0,0,3,3
990,96,120,6,9,0,1,0,0,3,3
991,96,120,6,9,0,1,0,0,3,3
992,96,120,6,9,0,1,0,0,3,3
993,96,121,6,9,0,1,0,0,3,3
994,96,121,6,9,0,1,0,0,3,3
995,97,121,6,9,0,1,0,0,3,3
996,97,121,6,9,0,1,0,0,3,3
997,97,121,6,9,0,1,0,0,3,3
998,97,121,6,9,0,1,0,0,3,3
999,98,121,6,9,0,1,0,0,3,3
1000,98,121,6,9,0,1,0,0,3,3
1001,98,121,6,9,0,1,0,0,3,3
1002,98,121,6,9,0,1,0,0,3,3
1003,98,121,6,9,0,1,0,0,3,3
1004,98,121,6,9,0,1,0,0,3,3
1005,98,121,6,9,0,1,0,0,3,3
1006,99,121,6,9,0,1,0,0,3,3
1007,100,121,6,9,0,1,0,0,3,3
1008,100,121,6,9,0,1,0,0,3,3
1009,100,121,6,9,0,1,0,0,3,3
1010,100,121,6,9,0,1,0,0,3,3
1011,101,121,6,9,0,1,0,0,3,3
1012,102,121,6,9,0,1,0,0,3,3
1013,103,121,6,9,0,1,0,0,3,3
1014,103,122,6,10,0,1,0,0,3,3
1015,103,122,6,10,0,1,0,0,3,3
1016,104,122,6,10,0,1,0,0,3,3
1017,105,122,6,10,0,1,0,0,3,3
1018,105,122,6,10,0,1,0,0,3,3
1019,105,122,6,10,0,1,0,0,3,3
1020,105,122,6,10,0,1,0,0,3,3
1021,105,122,6,10,0,1,0,0,3,3
1022,105,122,6,10,0,1,0,0,3,3
1023,105,122,6,10,0,1,0,0,3,3
1024,105,122,6,10,0,1,0,0,3,3
1025,106,122,6,10,0,1,0,0,3,3
1026,107,122,6,10,0,1,0,0,3,3
1027,107,122,6,10,0,1,0,0,3,3
1028,107,122,6,10,0,1,0,0,3,3
1029,107,122,6,10,0,1,0,0,3,3
1030,107,122,6,10,0,1,0,0,3,3
1031,107,122,6,10,0,1,0,0,3,3
1032,107,122,6,10,0,1,0,0,3,3
1033,107,122,6,10,0,1,0,0,3,3
1034,107,122,6,10,0,1,0,0,3,3
1035,107,122,6,10,0,1,0,0,3,3
1036,107,122,6,10,0,1,0,0,3,3
1037,107,122,6,10,0,1,0,0,3,3
1038,108,122,6,10,0,1,0,0,3,3
1039,108,122,6,10,0,1,0,0,3,3
1040,108,122,6,10,0,1,0,0,3,3
1041,108,122,6,10,0,1,0,0,3,3
1042,108,122,6,10,0,1,0,0,3,3
1043,108,122,6,10,0,1,0,0,3,3
1044,108,123,6,10,0,1,0,0,3,3
1045,108,123,6,10,0,1,0,0,3,3
1046,108,124,6,10,0,1,0,0,3,3
1047,108,124,6,10,0,1,0,0,3,3
1048,108,124,6,10,0,1,0,0,3,3
1049,108,125,6,10,0,1,0,0,3,3
1050,108,125,6,10,0,1,0,0,3,3
1051,108,125,6,10,0,1,0,0,3,3
1052,108,125,6,10,0,1,0,0,3,3
1053,108,125,6,10,0,1,0,0,3,3
1054,109,125,6,10,0,1,0,0,3,3
1055,109,125,6,10,0,1,0,0,3,3
1056,109,126,6,10,0,1,0,0,3,3
1057,110,127,6,10,0,1,0,0,3,3
1058,110,127,6,10,0,1,0,0,3,3
1059,110,127,6,10,0,1,0,0,3,3
1060,110,127,6,10,0,1,0,0,3,3
1061,110,128,6,10,0,1,0,0,3,3
1062,110,128,6,10,0,1,0,0,3,3
1063,110,128,6,10,0,1,0,0,3,3
1064,110,129,6,10,0,1,0,0,3,3
1065,110,129,6,10,0,1,0,0,3,3
1066,110,129,6,10,0,1,0,0,3,3
1067,110,129,6,10,0,1,0,0,3,3
1068,110,129,6,10,0,1,0,0,3,3
1069,110,130,6,10,0,1,0,0,3,3
1070,111,130,6,10,0,1,0,0,3,3
1071,111,130,6,10,0,1,0,0,3,3
1072,111,131,6,10,0,1,0,0,3,3
1073,111,131,6,10,0,1,0,0,3,3
1074,111,131,6,10,0,1,0,0,3,3
1075,111,131,6,10,0,1,0,0,3,3
1076,111,132,6,10,0,1,0,0,3,3
1077,111,132,6,10,0,1,0,0,3,3
1078,111,132,6,10,0,1,0,0,3,3
1079,111,132,6,10,0,1,0,0,3,3
1080,112,133,6,10,0,1,0,0,3,3
1081,112,133,6,10,0,1,0,0,3,3
1082,112,133,6,10,0,1,0,0,3,3
1083,112,133,6,10,0,1,0,0,3,3
1084,112,133,6,10,0,1,0,0,3,3
1085,112,134,6,10,0,1,0,0,3,3
1086,112,134,6,10,0,1,0,0,3,3
1087,112,135,6,10,0,1,0,0,3,3
1088,113,135,6,10,0,1,0,0,3,3
1089,113,135,6,10,0,1,0,0,3,3
1090,113,135,6,10,0,1,0,0,3,3
1091,113,135,6,10,0,1,0,0,3,3
1092,113,135,6,10,0,1,0,0,3,3
1093,113,135,6,10,0,1,0,0,3,3
1094,113,135,6,10,0,1,0,0,3,3
1095,113,135,6,10,0,1,0,0,3,3
1096,113,136,6,10,0,1,0,0,3,3
1097,113,136,6,10,0,1,0,0,3,3
1098,113,136,6,10,0,1,0,0,3,3
1099,114,136,6,10,0,1,0,0,3,3
1100,115,137,6,10,0,1,0,0,3,3
1101,115,137,6,10,0,1,0,0,3,3
1102,115,138,6,10,0,1,0,0,3,3
1103,115,138,6,10,0,1,0,0,3,3
1104,115,138,6,10,0,1,0,0,3,3
1105,115,138,6,10,0,1,0,0,3,3
1106,115,138,6,10,0,1,0,0,3,3
1107,116,138,6,10,0,1,0,0,3,3
1108,116,139,6,10,0,1,0,0,3,3
1109,116,139,6,10,0,1,0,0,3,3
1110,116,139,6,10,0,1,0,0,3,3
1111,116,139,6,10,0,1,0,0,3,3
1112,116,139,6,10,0,1,0,0,3,3
1113,116,139,6,10,0,1,0,0,3,3
1114,116,140,6,10,0,1,0,0,3,3
1115,116,140,6,10,0,1,0,0,3,3
1116,117,140,6,10,0,1,0,0,3,3
1117,117,140,6,10,0,1,0,0,3,3
1118,117,141,6,10,0,1,0,0,3,3
1119,118,141,6,10,0,1,0,0,3,3
1120,118,141,6,10,0,1,0,0,3,3
1121,118,141,6,10,0,1,0,0,3,3
1122,118,141,6,10,0,1,0,0,3,3
1123,119,141,6,10,0,1,0,0,3,3
1124,120,141,6,10,0,1,0,0,3,3
1125,121,141,6,10,0,1,0,0,3,3
1126,121,141,6,10,0,1,0,0,3,3
1127,122,141,6,10,0,1,0,0,3,3
1128,122,141,6,10,0,1,0,0,3,3
1129,122,142,6,11,0,1,0,0,3,3
1130,122,142,6,11,0,1,0,0,3,3
1131,122,142,6,11,0,1,0,0,3,3
1132,122,142,6,11,0,1,0,0,3,3
1133,122,142,6,11,0,1,0,0,3,3
1134,122,143,6,11,0,1,0,0,3,3
1135,122,143,6,11,0,1,0,0,3,3
1136,122,143,6,11,0,1,0,0,3,3
1137,122,144,6,11,0,1,0,0,3,3
1138,122,144,6,11,0,1,0,0,3,3
1139,123,144,6,11,0,1,0,0,3,3
1140,123,145,6,11,0,1,0,0,3,3
1141,123,145,6,11,0,1,0,0,3,3
1142,123,145,6,11,0,1,0,0,3,3
1143,123,145,6,11,0,1,0,0,3,3
1144,123,145,6,11,0,1,0,0,3,3
1145,123,145,6,11,0,1,0,0,3,3
1146,124,146,6,12,0,1,0,0,3,3
1147,125,146,6,12,0,1,0,0,3,3
1148,126,146,6,12,0,1,0,0,3,3
1149,126,146,6,12,0,1,0,0,3,3
1150,126,146,6,12,0,1,0,0,3,3
1151,127,146,6,12,0,1,0,0,3,3
1152,127,147,6,12,0,1,0,0,3,3
1153,127,148,6,12,0,1,0,0,3,3
1154,127,148,6,12,0,1,0,0,3,3
1155,127,148,6,12,0,1,0,0,3,3
1156,127,148,6,12,0,1,0,0,3,3
1157,127,148,6,12,0,1,0,0,3,3
1158,127,148,6,12,0,1,0,0,3,3
1159,127,148,6,12,0,1,0,0,3,3
1160,127,148,6,12,0,1,0,0,3,3
1161,127,149,6,12,0,1,0,0,3,3
1162,127,149,6,12,0,1,0,0,3,3
1163,127,150,6,12,0,1,0,0,3,3
1164,127,150,6,12,0,1,0,0,3,3
1165,127,150,6,12,0,1,0,0,3,3
1166,127,150,6,12,0,1,0,0,3,3
1167,127,150,6,12,0,1,0,0,3,3
1168,127,150,6,12,0,1,0,0,3,3
1169,127,150,6,12,0,1,0,0,3,3
1170,127,150,6,12,0,1,0,0,3,3
1171,128,150,6,12,0,1,0,0,3,3
1172,128,150,6,12,0,1,0,0,3,3
1173,128,151,6,12,0,1,0,0,3,3
1174,128,151,6,12,0,1,0,0,3,3
1175,128,151,6,12,0,1,0,0,3,3
1176,128,151,6,12,0,1,0,0,3,3
1177,128,151,6,12,0,1,0,0,3,3
1178,128,151,6,12,0,1,0,0,3,3
1179,128,152,6,13,0,1,0,0,3,3
1180,128,152,6,13,0,1,0,0,3,3
1181,129,152,6,13,0,1,0,0,3,3
1182,129,152,6,13,0,1,0,0,3,3
1183,129,152,6,13,0,1,0,0,3,3
1184,129,152,6,13,0,1,0,0,3,3
1185,129,152,6,13,0,1,0,0,3,3
1186,129,152,6,13,0,1,0,0,3,3
1187,129,152,6,13,0,1,0,0,3,3
1188,129,152,6,13,0,1,0,0,3,3
1189,130,153,6,13,0,1,0,0,3,3
1190,130,154,6,13,0,1,0,0,3,3
1191,130,155,6,13,0,1,0,0,3,3
1192,130,156,6,13,0,1,0,0,3,3
1193,130,156,6,13,0,1,0,0,3,3
1194,130,156,6,13,0,1,0,0,3,3
1195,130,156,6,13,0,1,0,0,3,3
1196,130,156,6,13,0,1,0,0,3,3
1197,130,156,6,13,0,1,0,0,3,3
1198,130,156,6,13,0,1,0,0,3,3
1199,130,156,6,13,0,1,0,0,3,3
1200,130,156,6,13,0,1,0,0,3,3
1201,131,156,6,13,0,1,0,0,3,3
1202,131,156,6,13,0,1,0,0,3,3
1203,131,156,6,13,0,1,0,0,3,3
1204,132,156,6,13,0,1,0,0,3,3
1205,132,156,6,13,0,1,0,0,3,3
1206,132,156,6,13,0,1,0,0,3,3
1207,133,156,6,13,0,1,0,0,3,3
1208,133,156,6,13,0,1,0,0,3,3
1209,133,156,6,13,0,1,0,0,3,3
1210,133,156,6,13,0,1,0,0,3,3
1211,133,156,6,13,0,1,0,0,3,3
1212,133,156,6,13,0,1,0,0,3,3
1213,133,156,6,13,0,1,0,0,3,3
1214,133,156,6,13,0,1,0,0,3,3
1215,133,156,6,13,0,1,0,0,3,3
1216,133,156,6,13,0,1,0,0,3,3
1217,133,156,6,13,0,1,0,0,3,3
1218,133,156,6,13,0,1,0,0,3,3
1219,133,156,6,13,0,1,0,0,3,3
1220,133,157,6,13,0,1,0,0,3,3
1221,133,157,6,13,0,1,0,0,3,3
1222,133,157,6,13,0,1,0,0,3,3
1223,133,157,6,13,0,1,0,0,3,3
1224,134,157,6,13,0,1,0,0,3,3
1225,134,157,6,13,0,1,0,0,3,3
1226,134,157,6,13,0,1,0,0,3,3
1227,134,157,6,13,0,1,0,0,3,3
1228,134,157,6,13,0,1,0,0,3,3
1229,134,157,6,13,0,1,0,0,3,3
1230,135,157,6,13,0,1,0,0,3,3
1231,135,157,6,13,0,1,0,0,3,3
1232,135,157,6,13,0,1,0,0,3,3
1233,136,157,6,13,0,1,0,0,3,3
1234,136,158,6,13,0,1,0,0,3,3
1235,136,158,6,13,0,1,0,0,3,3
1236,136,158,6,13,0,1,0,0,3,3
1237,136,158,6,13,0,1,0,0,3,3
1238,136,158,6,13,0,1,0,0,3,3
1239,136,158,6,13,0,1,0,0,3,3
1240,136,158,6,13,0,1,0,0,3,3
1241,136,158,6,13,0,1,0,0,3,3
1242,136,158,6,13,0,1,0,0,3,3
1243,136,158,6,13,0,1,0,0,3,3
1244,137,158,6,13,0,1,0,0,3,3
1245,137,158,6,13,0,1,0,0,3,3
1246,137,158,6,13,0,1,0,0,3,3
1247,137,158,6,13,0,1,0,0,3,3
1248,137,159,6,13,0,1,0,0,3,3
1249,137,159,6,13,0,1,0,0,3,3
1250,137,159,6,13,0,1,0,0,3,3
1251,137,159,6,13,0,1,0,0,3,3
1252,137,159,6,13,0,1,0,0,3,3
1253,138,159,6,13,0,1,0,0,3,3
1254,138,159,6,13,0,1,0,0,3,3
1255,139,159,6,13,0,1,0,0,3,3
1256,139,159,6,13,0,1,0,0,3,3
1257,139,159,6,13,0,1,0,0,3,3
1258,139,159,6,13,0,1,0,0,3,3
1259,139,159,6,13,0,1,0,0,3,3
1260,139,159,6,13,0,1,0,0,3,3
1261,139,159,6,13,0,1,0,0,3,3
1262,139,159,6,13,0,1,0,0,3,3
1263,140,159,6,13,0,1,0,0,3,3
1264,140,159,6,13,0,1,0,0,3,3
1265,140,160,6,13,0,1,0,0,3,3
1266,140,160,6,13,0,1,0,0,3,3
1267,140,160,6,13,0,1,0,0,3,3
1268,140,160,6,13,0,1,0,0,3,3
1269,140,161,6,13,0,1,0,0,3,3
1270,140,161,6,13,0,1,0,0,3,3
1271,141,161,6,13,0,1,0,0,3,3
1272,141,162,6,14,0,1,0,0,3,3
1273,141,162,6,14,0,1,0,0,3,3
1274,141,162,6,14,0,1,0,0,3,3
1275,141,162,6,14,0,1,0,0,3,3
1276,141,163,6,14,0,1,0,0,3,3
1277,142,163,6,14,0,1,0,0,3,3
1278,142,163,6,14,0,1,0,0,3,3
1279,142,163,6,14,0,1,0,0,3,3
1280,142,163,6,14,0,1,0,0,3,3
1281,142,163,6,14,0,1,0,0,3,3
1282,142,163,6,14,0,1,0,0,3,3
1283,143,163,6,14,0,1,0,0,3,3
1284,143,163,6,14,0,1,0,0,3,3
1285,143,163,6,14,0,1,0,0,3,3
1286,143,164,6,15,0,1,0,0,3,3
1287,144,164,6,15,0,1,0,0,3,3
1288,144,164,6,15,0,1,0,0,3,3
1289,144,164,6,15,0,1,0,0,3,3
1290,144,164,6,15,0,1,0,0,3,3
1291,144,164,6,15,0,1,0,0,3,3
1292,144,164,6,15,0,1,0,0,3,3
1293,144,164,6,15,0,1,0,0,3,3
1294,144,164,6,15,0,1,0,0,3,3
1295,144,164,6,15,0,1,0,0,3,3
1296,145,164,6,15,0,1,0,0,3,3
1297,145,164,6,15,0,1,0,0,3,3
1298,145,164,6,15,0,1,0,0,3,3
1299,146,164,6,15,0,1,0,0,3,3
1300,147,165,6,15,0,1,0,0,3,3
1301,147,166,6,15,0,1,0,0,3,3
1302,147,166,6,15,0,1,0,0,3,3
1303,147,167,6,15,0,1,0,0,3,3
1304,147,167,6,15,0,1,0,0,3,3
1305,147,167,6,15,0,1,0,0,3,3
1306,147,167,6,15,0,1,0,0,3,3
1307,147,167,6,15,0,1,0,0,3,3
1308,147,167,6,15,0,1,0,0,3,3
1309,147,168,6,15,0,1,0,0,3,3
1310,147,168,6,15,0,1,0,0,3,3
1311,147,168,6,15,0,1,0,0,3,3
1312,147,168,6,15,0,1,0,0,3,3
1313,147,169,6,15,0,1,0,0,3,3
1314,147,169,6,15,0,1,0,0,3,3
1315,147,169,6,15,0,1,0,0,3,3
1316,147,169,6,15,0,1,0,0,3,3
1317,147,169,6,15,0,1,0,0,3,3
1318,147,170,6,15,0,1,0,0,3,3
1319,147,170,6,15,0,1,0,0,3,3
1320,147,170,6,15,0,1,0,0,3,3
1321,147,170,6,15,0,1,0,0,3,3
1322,147,170,6,15,0,1,0,0,3,3
1323,147,171,6,15,0,1,0,0,3,3
1324,147,171,6,15,0,1,0,0,3,3
1325,147,171,6,15,0,1,0,0,3,3
1326,147,171,6,15,0,1,0,0,3,3
1327,147,171,6,15,0,1,0,0,3,3
1328,147,172,6,16,0,1,0,0,3,3
1329,147,172,6,16,0,1,0,0,3,3
1330,147,172,6,16,0,1,0,0,3,3
1331,147,172,6,16,0,1,0,0,3,3
1332,147,172,6,16,0,1,0,0,3,3
1333,147,172,6,16,0,1,0,0,3,3
1334,147,173,6,16,0,1,0,0,3,3
1335,147,174,6,16,0,1,0,0,3,3
1336,147,174,6,16,0,1,0,0,3,3
1337,147,174,6,16,0,1,0,0,3,3
1338,147,175,6,16,0,1,0,0,3,3
1339,147,175,6,16,0,1,0,0,3,3
1340,147,175,6,16,0,1,0,0,3,3
1341,147,176,6,17,0,1,0,0,3,3
1342,147,176,6,17,0,1,0,0,3,3
1343,147,176,6,17,0,1,0,0,3,3
1344,147,176,6,17,0,1,0,0,3,3
1345,147,176,6,17,0,1,0,0,3,3
1346,147,176,6,17,0,1,0,0,3,3
1347,147,176,6,17,0,1,0,0,3,3
1348,147,176,6,17,0,1,0,0,3,3
1349,147,176,6,17,0,1,0,0,3,3
1350,147,176,6,17,0,1,0,0,3,3
1351,147,176,6,17,0,1,0,0,3,3
1352,147,176,6,17,0,1,0,0,3,3
1353,147,176,6,17,0,1,0,0,3,3
1354,147,176,6,17,0,1,0,0,3,3
1355,147,176,6,17,0,1,0,0,3,3
1356,147,177,6,17,0,1,0,0,3,3
1357,147,177,6,17,0,1,0,0,3,3
1358,147,177,6,17,0,1,0,0,3,3
1359,147,178,6,17,0,1,0,0,3,3
1360,147,178,6,17,0,1,0,0,3,3
1361,147,178,6,17,0,1,0,0,3,3
1362,147,178,6,17,0,1,0,0,3,3
1363,147,179,6,17,0,1,0,0,3,3
1364,147,179,6,17,0,1,0,0,3,3
1365,147,179,6,17,0,1,0,0,3,3
1366,147,179,6,17,0,1,0,0,3,3
1367,147,179,6,17,0,1,0,0,3,3
1368,147,180,6,18,0,1,0,0,3,3
1369,147,180,6,18,0,1,0,0,3,3
1370,147,180,6,18,0,1,0,0,3,3
1371,147,180,6,18,0,1,0,0,3,3
1372,147,180,6,18,0,1,0,0,3,3
1373,147,180,6,18,0,1,0,0,3,3
1374,147,180,6,18,0,1,0,0,3,3
1375,147,180,6,18,0,1,0,0,3,3
1376,147,180,6,18,0,1,0,0,3,3
1377,147,180,6,18,0,1,0,0,3,3
1378,147,180,6,18,0,1,0,0,3,3
1379,147,180,6,18,0,1,0,0,3,3
1380,147,180,6,18,0,1,0,0,3,3
1381,147,181,6,18,0,1,0,0,3,3
1382,147,181,6,18,0,1,0,0,3,3
1383,147,182,6,18,0,1,0,0,3,3
1384,147,182,6,18,0,1,0,0,3,3
1385,147,182,6,18,0,1,0,0,3,3
1386,147,182,6,18,0,1,0,0,3,3
1387,147,182,6,18,0,1,0,0,3,3
1388,147,182,6,18,0,1,0,0,3,3
1389,147,182,6,18,0,1,0,0,3,3
1390,147,182,6,18,0,1,0,0,3,3
1391,147,182,6,18,0,1,0,0,3,3
1392,147,182,6,18,0,1,0,0,3,3
1393,147,182,6,18,0,1,0,0,3,3
1394,147,182,6,18,0,1,0,0,3,3
1395,147,182,6,18,0,1,0,0,3,3
1396,147,182,6,18,0,1,0,0,3,3
1397,147,183,6,18,0,1,0,0,3,3
1398,147,183,6,18,0,1,0,0,3,3
1399,147,183,6,18,0,1,0,0,3,3
1400,147,183,6,18,0,1,0,0,3,3
1401,147,183,6,18,0,1,0,0,3,3
1402,147,183,6,18,0,1,0,0,3,3
1403,147,183,6,18,0,1,0,0,3,3
1404,147,183,6,18,0,1,0,0,3,3
1405,147,183,6,18,0,1,0,0,3,3
1406,147,184,6,19,0,1,0,0,3,3
1407,147,184,6,19,0,1,0,0,3,3
1408,147,184,6,19,0,1,0,0,3,3
1409,147,185,6,19,0,1,0,0,3,3
1410,147,186,6,19,0,1,0,0,3,3
1411,147,186,6,19,0,1,0,0,3,3
1412,147,186,6,19,0,1,0,0,3,3
1413,147,186,6,19,0,1,0,0,3,3
1414,147,186,6,19,0,1,0,0,3,3
1415,147,187,6,19,0,1,0,0,3,3
1416,147,187,6,19,0,1,0,0,3,3
1417,147,188,6,19,0,1,0,0,3,3
1418,147,188,6,19,0,1,0,0,3,3
1419,147,189,6,19,0,1,0,0,3,3
1420,147,189,6,19,0,1,0,0,3,3
1421,147,189,6,19,0,1,0,0,3,3
1422,147,190,6,19,0,1,0,0,3,3
1423,147,190,6,19,0,1,0,0,3,3
1424,147,191,6,19,0,1,0,0,3,3
1425,147,191,6,19,0,1,0,0,3,3
1426,147,191,6,19,0,1,0,0,3,3
1427,147,191,6,19,0,1,0,0,3,3
1428,147,191,6,19,0,1,0,0,3,3
1429,147,191,6,19,0,1,0,0,3,3
1430,147,191,6,19,0,1,0,0,3,3
1431,147,191,6,19,0,1,0,0,3,3
1432,147,192,6,19,0,1,0,0,3,3
1433,147,192,6,19,0,1,0,0,3,3
1434,147,192,6,19,0,1,0,0,3,3
1435,147,192,6,19,0,1,0,0,3,3
1436,147,193,6,19,0,1,0,0,3,3
1437,147,193,6,19,0,1,0,0,3,3
1438,147,194,6,19,0,1,0,0,3,3
1439,147,194,6,19,0,1,0,0,3,3
1440,147,194,6,19,0,1,0,0,3,3
1441,147,194,6,19,0,1,0,0,3,3
1442,147,194,6,19,0,1,0,0,3,3
1443,147,194,6,19,0,1,0,0,3,3
1444,147,194,6,19,0,1,0,0,3,3
1445,147,194,6,19,0,1,0,0,3,3
1446,147,194,6,19,0,1,0,0,3,3
1447,147,194,6,19,0,1,0,0,3,3
1448,147,194,6,19,0,1,0,0,3,3
1449,147,194,6,19,0,1,0,0,3,3
1450,147,194,6,19,0,1,0,0,3,3
1451,147,194,6,19,0,1,0,0,3,3
1452,147,194,6,19,0,1,0,0,3,3
1453,147,194,6,19,0,1,0,0,3,3
1454,147,195,6,19,0,1,0,0,3,3
1455,147,196,6,20,0,1,0,0,3,3
1456,147,196,6,20,0,1,0,0,3,3
1457,147,196,6,20,0,1,0,0,3,3
1458,147,196,6,20,0,1,0,0,3,3
1459,147,196,6,20,0,1,0,0,3,3
1460,147,196,6,20,0,1,0,0,3,3
1461,147,196,6,20,0,1,0,0,3,3
1462,147,196,6,20,0,1,0,0,3,3
1463,147,196,6,20,0,1,0,0,3,3
1464,147,196,6,20,0,1,0,0,3,3
1465,147,196,6,20,0,1,0,0,3,3
1466,147,196,6,20,0,1,0,0,3,3
1467,147,196,6,20,0,1,0,0,3,3
1468,147,196,6,20,0,1,0,0,3,3
1469,147,196,6,20,0,1,0,0,3,3
1470,147,196,6,20,0,1,0,0,3,3
1471,147,196,6,20,0,1,0,0,3,3
1472,147,196,6,20,0,1,0,0,3,3
1473,147,197,6,20,0,1,0,0,3,3
1474,147,197,6,20,0,1,0,0,3,3
1475,147,197,6,20,0,1,0,0,3,3
1476,147,197,6,20,0,1,0,0,3,3
1477,147,197,6,20,0,1,0,0,3,3
1478,147,197,6,20,0,1,0,0,3,3
1479,147,197,6,20,0,1,0,0,3,3
1480,147,197,6,20,0,1,0,0,3,3
1481,147,197,6,20,0,1,0,0,3,3
1482,147,197,6,20,0,1,0,0,3,3
1483,147,198,6,20,0,1,0,0,3,3
1484,147,198,6,20,0,1,0,0,3,3
1485,147,198,6,20,0,1,0,0,3,3
1486,147,198,6,20,0,1,0,0,3,3
1487,147,198,6,20,0,1,0,0,3,3
1488,147,198,6,20,0,1,0,0,3,3
1489,147,198,6,20,0,1,0,0,3,3
1490,147,199,6,20,0,1,0,0,3,3
1491,147,199,6,20,0,1,0,0,3,3
1492,147,199,6,20,0,1,0,0,3,3
1493,147,199,6,20,0,1,0,0,3,3
1494,147,199,6,20,0,1,0,0,3,3
1495,147,199,6,20,0,1,0,0,3,3
1496,147,200,6,21,0,1,0,0,3,3
1497,147,200,6,21,0,1,0,0,3,3
1498,147,200,6,21,0,1,0,0,3,3
1499,147,200,6,21,0,1,0,0,3,3
1500,147,200,6,21,0,1,0,0,3,3
1501,147,200,6,21,0,1,0,0,3,3
1502,147,200,6,21,0,1,0,0,3,3
1503,147,200,6,21,0,1,0,0,3,3
1504,147,200,6,21,0,1,0,0,3,3
1505,147,200,6,21,0,1,0,0,3,3
1506,147,200,6,21,0,1,0,0,3,3
1507,147,200,6,21,0,1,0,0,3,3
1508,147,200,6,21,0,1,0,0,3,3
1509,147,200,6,21,0,1,0,0,3,3
1510,147,200,6,21,0,1,0,0,3,3
1511,147,200,6,21,0,1,0,0,3,3
1512,147,200,6,21,0,1,0,0,3,3
1513,147,200,6,21,0,1,0,0,3,3
1514,147,200,6,21,0,1,0,0,3,3
1515,147,200,6,21,0,1,0,0,3,3
1516,147,200,6,21,0,1,0,0,3,3
1517,147,200,6,21,0,1,0,0,3,3
1518,147,200,6,21,0,1,0,0,3,3
1519,147,200,6,21,0,1,0,0,3,3
1520,147,200,6,21,0,1,0,0,3,3
1521,147,200,6,21,0,1,0,0,3,3
1522,147,200,6,21,0,1,0,0,3,3
1523,147,200,6,21,0,1,0,0,3,3
1524,147,200,6,21,0,1,0,0,3,3
1525,147,200,6,21,0,1,0,0,3,3
1526,147,200,6,21,0,1,0,0,3,3
1527,147,200,6,21,0,1,0,0,3,3
1528,147,200,6,21,0,1,0,0,3,3
1529,147,200,6,21,0,1,0,0,3,3
1530,147,200,6,21,0,1,0,0,3,3
1531,147,201,6,21,0,1,0,0,3,3
1532,147,202,6,21,0,1,0,0,3,3
1533,147,202,6,21,0,1,0,0,3,3
1534,147,202,6,21,0,1,0,0,3,3
1535,147,203,6,21,0,1,0,0,3,3
1536,147,203,6,21,0,1,0,0,3,3
1537,147,203,6,21,0,1,0,0,3,3
1538,147,203,6,21,0,1,0,0,3,3
1539,147,204,6,21,0,1,0,0,3,3
1540,147,204,6,21,0,1,0,0,3,3
1541,147,204,6,21,0,1,0,0,3,3
1542,147,204,6,21,0,1,0,0,3,3
1543,147,204,6,21,0,1,0,0,3,3
1544,147,204,6,21,0,1,0,0,3,3
1545,147,204,6,21,0,1,0,0,3,3
1546,147,204,6,21,0,1,0,0,3,3
1547,147,204,6,21,0,1,0,0,3,3
1548,147,204,6,21,0,1,0,0,3,3
1549,147,204,6,21,0,1,0,0,3,3
1550,147,204,6,21,0,1,0,0,3,3
1551,147,204,6,21,0,1,0,0,3,3
1552,147,204,6,21,0,1,0,0,3,3
1553,147,204,6,21,0,1,0,0,3,3
1554,147,204,6,21,0,1,0,0,3,3
1555,147,204,6,21,0,1,0,0,3,3
1556,147,204,6,21,0,1,0,0,3,3
1557,147,204,6,21,0,1,0,0,3,3
1558,147,204,6,21,0,1,0,0,3,3
1559,147,204,6,21,0,1,0,0,3,3
1560,147,204,6,21,0,1,0,0,3,3
1561,147,205,6,21,0,1,0,0,3,3
1562,147,205,6,21,0,1,0,0,3,3
1563,147,205,6,21,0,1,0,0,3,3
1564,147,205,6,21,0,1,0,0,3,3
1565,147,205,6,21,0,1,0,0,3,3
1566,147,205,6,21,0,1,0,0,3,3
1567,147,205,6,21,0,1,0,0,3,3
1568,147,205,6,21,0,1,0,0,3,3
1569,147,205,6,21,0,1,0,0,3,3
1570,147,205,6,21,0,1,0,0,3,3
1571,147,205,6,21,0,1,0,0,3,3
1572,147,205,6,21,0,1,0,0,3,3
1573,147,205,6,21,0,1,0,0,3,3
1574,147,205,6,21,0,1,0,0,3,3
1575,147,205,6,21,0,1,0,0,3,3
1576,147,205,6,21,0,1,0,0,3,3
1577,147,206,6,21,0,1,0,0,3,3
1578,147,206,6,21,0,1,0,0,3,3
1579,147,206,6,21,0,1,0,0,3,3
1580,147,206,6,21,0,1,0,0,3,3
1581,147,206,6,21,0,1,0,0,3,3
1582,147,206,6,21,0,1,0,0,3,3
1583,147,207,6,21,0,1,0,0,3,3
1584,147,207,6,21,0,1,0,0,3,3
1585,147,208,6,21,0,1,0,0,3,3
1586,147,208,6,21,0,1,0,0,3,3
1587,147,208,6,21,0,1,0,0,3,3
1588,147,208,6,21,0,1,0,0,3,3
1589,147,209,6,21,0,1,0,0,3,3
1590,147,209,6,21,0,1,0,0,3,3
1591,147,209,6,21,0,1,0,0,3,3
1592,147,209,6,21,0,1,0,0,3,3
1593,147,209,6,21,0,1,0,0,3,3
1594,147,209,6,21,0,1,0,0,3,3
1595,147,209,6,21,0,1,0,0,3,3
1596,147,210,6,21,0,1,0,0,3,3
1597,147,210,6,21,0,1,0,0,3,3
1598,147,210,6,21,0,1,0,0,3,3
1599,147,211,6,21,0,1,0,0,3,3
1600,147,211,6,21,0,1,0,0,3,3
1601,147,212,6,21,0,1,0,0,3,3
1602,147,212,6,21,0,1,0,0,3,4
1603,147,212,6,21,0,1,0,0,4,4
1604,147,212,6,21,0,1,0,0,4,4
1605,147,212,6,21,0,1,0,0,4,4
1606,147,212,6,21,0,1,0,0,4,4
1607,147,212,6,21,0,1,0,0,4,4
1608,147,212,6,21,0,1,0,0,4,4
1609,147,212,6,21,0,1,0,0,4,4
1610,148,212,6,21,0,1,0,0,4,4
1611,148,212,6,21,0,1,0,0,4,4
1612,149,212,6,21,0,1,0,0,4,4
1613,149,212,6,21,0,1,0,0,4,4
1614,149,212,6,21,0,1,0,0,4,4
1615,149,212,6,21,0,1,0,0,4,4
1616,150,213,6,21,0,1,0,0,4,4
1617,150,213,6,21,0,1,0,0,4,4
1618,150,213,6,21,0,1,0,0,4,4
1619,150,213,6,21,0,1,0,0,4,4
1620,150,213,6,21,0,1,0,0,4,4
1621,150,213,6,21,0,1,0,0,4,4
1622,150,213,6,21,0,1,0,0,4,4
1623,150,213,6,21,0,1,0,0,4,4
1624,150,213,6,21,0,1,0,0,4,4
1625,151,213,6,21,0,1,0,0,4,4
1626,151,213,6,21,0,1,0,0,4,4
1627,151,213,6,21,0,1,0,0,4,4
1628,151,213,6,21,0,1,0,0,4,4
1629,151,213,6,21,0,1,0,0,4,4
1630,151,213,6,21,0,1,0,0,4,4
1631,152,214,6,21,0,1,0,0,4,4
1632,152,214,6,21,0,1,0,0,4,4
1633,152,215,6,21,0,1,0,0,4,4
1634,153,215,6,21,0,1,0,0,4,4
1635,153,215,6,21,0,1,0,0,4,4
1636,153,215,6,21,0,1,0,0,4,4
1637,153,215,6,21,0,1,0,0,4,4
1638,153,215,6,21,0,1,0,0,4,4
1639,154,215,6,21,0,1,0,0,4,4
1640,154,215,6,21,0,1,0,0,4,4
1641,154,215,6,21,0,1,0,0,4,4
1642,155,215,6,21,0,1,0,0,4,4
1643,155,215,6,21,0,1,0,0,4,4
1644,155,216,6,21,0,1,0,0,4,4
1645,156,216,6,21,0,1,0,0,4,4
1646,156,216,6,21,0,1,0,0,4,4
1647,156,216,6,21,0,1,0,0,4,4
1648,156,216,6,21,0,1,0,0,4,4
1649,156,216,6,21,0,1,0,0,4,4
1650,156,216,6,21,0,1,0,0,4,4
1651,156,216,6,21,0,1,0,0,4,4
1652,156,216,6,21,0,1,0,0,4,4
1653,157,217,6,21,0,1,0,0,4,4
1654,157,217,6,21,0,1,0,0,4,4
1655,157,217,6,21,0,1,0,0,4,4
1656,157,217,6,21,0,1,0,0,4,4
1657,158,217,6,21,0,1,0,0,4,4
1658,158,217,6,21,0,1,0,0,4,4
1659,158,217,6,21,0,1,0,0,4,4
1660,158,218,6,21,0,1,0,0,4,4
1661,158,218,6,21,0,1,0,0,4,4
1662,158,218,6,21,0,1,0,0,4,4
1663,158,218,6,21,0,1,0,0,4,4
1664,158,218,6,21,0,1,0,0,4,4
1665,158,218,6,21,0,1,0,0,4,4
1666,158,218,6,21,0,1,0,0,4,4
1667,158,218,6,21,0,1,0,0,4,4
1668,158,219,6,21,0,1,0,0,4,4
1669,158,219,6,21,0,1,0,0,4,4
1670,158,219,6,21,0,1,0,0,4,4
1671,158,220,6,21,0,1,0,0,4,4
1672,158,220,6,21,0,1,0,0,4,4
1673,158,220,6,21,0,1,0,0,4,4
1674,158,220,6,21,0,1,0,0,4,4
1675,158,220,6,21,0,1,0,0,4,4
1676,159,221,6,21,0,1,0,0,4,4
1677,159,221,6,21,0,1,0,0,4,4
1678,159,221,6,21,0,1,0,0,4,4
1679,159,221,6,21,0,1,0,0,4,4
1680,159,221,6,21,0,1,0,0,4,4
1681,159,221,6,21,0,1,0,0,4,4
1682,159,221,6,21,0,1,0,0,4,4
1683,159,221,6,21,0,1,0,0,4,4
1684,159,221,6,21,0,1,0,0,4,4
1685,159,221,6,21,0,1,0,0,4,4
1686,159,221,6,21,0,1,0,0,4,4
1687,159,222,6,21,0,1,0,0,4,4
1688,160,222,6,21,0,1,0,0,4,4
1689,160,222,6,21,0,1,0,0,4,4
1690,160,222,6,21,0,1,0,0,4,4
1691,160,222,6,21,0,1,0,0,4,4
1692,160,222,6,21,0,1,0,0,4,4
1693,160,222,6,21,0,1,0,0,4,4
1694,160,222,6,21,0,1,0,0,4,4
1695,160,222,6,21,0,1,0,0,4,4
1696,160,222,6,21,0,1,0,0,4,4
1697,160,222,6,21,0,1,0,0,4,4
1698,160,222,6,21,0,1,0,0,4,4
1699,160,222,6,21,0,1,0,0,4,4
1700,160,222,6,21,0,1,0,0,4,4
1701,161,222,6,21,0,1,0,0,4,4
1702,161,222,6,21,0,1,0,0,4,4
1703,161,222,6,21,0,1,0,0,4,4
1704,161,222,6,21,0,1,0,0,4,4
1705,161,222,6,21,0,1,0,0,4,4
1706,161,222,6,21,0,1,0,0,4,4
1707,161,222,6,21,0,1,0,0,4,4
1708,161,222,6,21,0,1,0,0,4,4
1709,161,222,6,21,0,1,0,0,4,4
1710,161,222,6,21,0,1,0,0,4,4
1711,161,222,6,21,0,1,0,0,4,4
1712,162,223,6,21,0,1,0,0,4,4
1713,162,223,6,21,0,1,0,0,4,4
1714,162,223,6,21,0,1,0,0,4,4
1715,162,224,6,21,0,1,0,0,4,4
1716,162,224,6,21,0,1,0,0,4,4
1717,162,224,6,21,0,1,0,0,4,4
1718,162,224,6,21,0,1,0,0,4,4
1719,163,224,6,21,0,1,0,0,4,4
1720,163,224,6,21,0,1,0,0,4,4
1721,164,225,6,21,0,1,0,0,4,4
1722,164,225,6,21,0,1,0,0,4,4
1723,164,225,6,21,0,1,0,0,4,4
1724,164,225,6,21,0,1,0,0,4,4
1725,164,225,6,21,0,1,0,0,4,4
1726,164,225,6,21,0,1,0,0,4,4
1727,164,225,6,21,0,1,0,0,4,4
1728,165,225,6,21,0,1,0,0,4,4
1729,165,225,6,21,0,1,0,0,4,4
1730,165,225,6,21,0,1,0,0,4,4
1731,165,225,6,21,0,1,0,0,4,4
1732,165,225,6,21,0,1,0,0,4,4
1733,165,225,6,21,0,1,0,0,4,4
1734,165,225,6,21,0,1,0,0,4,4
1735,165,225,6,21,0,1,0,0,4,4
1736,165,226,6,21,0,1,0,0,4,4
1737,165,226,6,21,0,1,0,0,4,4
1738,165,226,6,21,0,1,0,0,4,4
1739,165,226,6,21,0,1,0,0,4,4
1740,165,226,6,21,0,1,0,0,4,4
1741,165,226,6,21,0,1,0,0,4,4
1742,165,227,6,21,0,1,0,0,4,4
1743,165,227,6,21,0,1,0,0,4,4
1744,165,227,6,21,0,1,0,0,4,4
1745,165,227,6,21,0,1,0,0,4,4
1746,165,227,6,21,0,1,0,0,4,4
1747,165,227,6,21,0,1,0,0,4,4
1748,165,227,6,21,0,1,0,0,4,4
1749,165,227,6,21,0,1,0,0,4,4
1750,165,227,6,21,0,1,0,0,4,4
1751,165,227,6,21,0,1,0,0,4,4
1752,165,227,6,21,0,1,0,0,4,4
1753,165,228,6,21,0,1,0,0,4,4
1754,165,228,6,21,0,1,0,0,4,4
1755,165,228,6,21,0,1,0,0,4,4
1756,165,229,6,21,0,1,0,0,4,4
1757,166,229,6,21,0,1,0,0,4,4
1758,167,229,6,21,0,1,0,0,4,4
1759,167,229,6,21,0,1,0,0,4,4
1760,167,229,6,21,0,1,0,0,4,4
1761,167,229,6,21,0,1,0,0,4,4
1762,167,230,6,22,0,1,0,0,4,4
1763,167,230,6,22,0,1,0,0,4,4
1764,167,230,6,22,0,1,0,0,4,4
1765,167,230,6,22,0,1,0,0,4,4
1766,167,230,6,22,0,1,0,0,4,4
1767,167,231,6,22,0,1,0,0,4,4
1768,167,231,6,22,0,1,0,0,4,4
1769,167,231,6,22,0,1,0,0,4,4
1770,168,231,6,22,0,1,0,0,4,4
1771,168,231,6,22,0,1,0,0,4,4
1772,168,231,6,22,0,1,0,0,4,4
1773,168,231,6,22,0,1,0,0,4,4
1774,168,231,6,22,0,1,0,0,4,4
1775,169,232,6,23,0,1,0,0,4,4
1776,169,232,6,23,0,1,0,0,4,4
1777,170,232,6,23,0,1,0,0,4,4
1778,170,233,6,23,0,1,0,0,4,4
1779,170,233,6,23,0,1,0,0,4,4
1780,171,233,6,23,0,1,0,0,4,4
1781,171,233,6,23,0,1,0,0,4,4
1782,172,233,6,23,0,1,0,0,4,4
1783,172,233,6,23,0,1,0,0,4,4
1784,172,233,6,23,0,1,0,0,4,4
1785,172,233,6,23,0,1,0,0,4,4
1786,173,233,6,23,0,1,0,0,4,4
1787,174,233,6,23,0,1,0,0,4,4
1788,174,233,6,23,0,1,0,0,4,4
1789,174,233,6,23,0,1,0,0,4,4
1790,174,233,6,23,0,1,0,0,4,4
1791,175,234,6,24,0,1,0,0,4,4
1792,175,234,6,24,0,1,0,0,4,4
1793,175,234,6,24,0,1,0,0,4,4
1794,175,234,6,24,0,1,0,0,4,4
1795,175,234,6,24,0,1,0,0,4,4
1796,175,234,6,24,0,1,0,0,4,4
1797,176,234,6,24,0,1,0,0,4,4
1798,176,234,6,24,0,1,0,0,4,4
1799,176,234,6,24,0,1,0,0,4,4
1800,176,235,6,24,0,1,0,0,4,4
1801,176,235,6,24,0,1,0,0,4,4
1802,176,235,6,24,0,1,0,0,4,4
1803,177,235,6,24,0,1,0,0,4,4
1804,177,235,6,24,0,1,0,0,4,4
1805,177,235,6,24,0,1,0,0,4,4
1806,177,235,6,24,0,1,0,0,4,4
1807,177,236,6,24,0,1,0,0,4,4
1808,177,236,6,24,0,1,0,0,4,4
1809,177,236,6,24,0,1,0,0,4,4
1810,177,236,6,24,0,1,0,0,4,4
1811,177,236,6,24,0,1,0,0,4,4
1812,177,236,6,24,0,1,0,0,4,4
1813,177,236,6,24,0,1,0,0,4,4
1814,177,237,6,24,0,1,0,0,4,4
1815,177,237,6,24,0,1,0,0,4,4
1816,177,237,6,24,0,1,0,0,4,4
1817,177,237,6,24,0,1,0,0,4,4
1818,177,237,6,24,0,1,0,0,4,4
1819,177,237,6,24,0,1,0,0,4,4
1820,177,237,6,24,0,1,0,0,4,4
1821,178,237,6,24,0,1,0,0,4,4
1822,178,237,6,24,0,1,0,0,4,4
1823,178,237,6,24,0,1,0,0,4,4
1824,178,237,6,24,0,1,0,0,4,4
1825,178,237,6,24,0,1,0,0,4,4
1826,178,237,6,24,0,1,0,0,4,4
1827,178,237,6,24,0,1,0,0,4,4
1828,179,237,6,24,0,1,0,0,4,4
1829,180,237,6,24,0,1,0,0,4,4
1830,180,237,6,24,0,1,0,0,4,4
1831,180,237,6,24,0,1,0,0,4,4
1832,181,237,6,24,0,1,0,0,4,4
1833,181,237,6,24,0,1,0,0,4,4
1834,181,237,6,24,0,1,0,0,4,4
1835,181,237,6,24,0,1,0,0,4,4
1836,181,237,6,24,0,1,0,0,4,4
1837,182,238,6,24,0,1,0,0,4,4
1838,183,238,6,24,0,1,0,0,4,4
1839,183,238,6,24,0,1,0,0,4,4
1840,184,238,6,24,0,1,0,0,4,4
1841,184,238,6,24,0,1,0,0,4,4
1842,184,238,6,24,1,1,0,0,4,4
1843,184,238,6,24,1,1,0,0,4,4
1844,184,238,6,24,1,1,0,0,4,4
1845,184,238,6,24,1,1,0,0,4,4
1846,184,238,6,24,1,1,0,0,4,4
1847,184,238,6,24,1,1,0,0,4,4
1848,184,238,6,24,1,1,0,0,4,4
1849,185,238,6,24,1,1,0,0,4,4
1850,185,238,6,24,1,1,0,0,4,4
1851,185,238,6,24,1,1,0,0,4,4
1852,185,238,6,24,1,1,0,0,4,4
1853,185,238,6,24,1,1,0,0,4,4
1854,185,238,6,24,1,1,0,0,4,4
1855,185,238,6,24,1,1,0,0,4,4
1856,185,238,6,24,1,1,0,0,4,4
1857,185,238,6,24,1,1,0,0,4,4
1858,185,238,6,24,1,1,0,0,4,4
1859,185,238,6,24,1,1,0,0,4,4
1860,185,238,6,24,1,1,0,0,4,4
1861,185,238,6,24,1,1,0,0,4,4
1862,185,238,6,24,1,1,0,0,4,4
1863,185,238,6,24,1,1,0,0,4,4
1864,185,238,6,24,1,1,0,0,4,4
1865,185,238,6,24,1,1,0,0,4,4
1866,185,238,6,24,1,1,0,0,4,4
1867,185,238,6,24,1,1,0,0,4,4
1868,185,238,6,24,1,1,0,0,4,4
1869,185,238,6,24,1,1,0,0,4,4
1870,185,238,6,24,1,1,0,0,4,4
1871,185,238,6,24,1,1,0,0,4,4
1872,185,238,6,24,1,1,0,0,4,4
1873,186,238,6,24,1,1,0,0,4,4
1874,186,238,6,24,1,1,0,0,4,4
1875,186,238,6,24,1,1,0,0,4,4
1876,186,238,6,24,1,1,0,0,4,4
1877,186,238,6,24,1,1,0,0,4,4
1878,186,238,6,24,1,1,0,0,4,4
1879,186,238,6,24,1,1,0,0,4,4
1880,186,238,6,24,1,1,0,0,4,4
1881,186,238,6,24,1,1,0,0,4,4
1882,187,238,6,24,1,1,0,0,4,4
1883,187,238,6,24,1,1,0,0,4,4
1884,187,238,6,24,1,1,0,0,4,4
1885,187,238,6,24,1,1,0,0,4,4
1886,187,238,6,24,1,1,0,0,4,4
1887,188,238,6,24,1,1,0,0,4,4
1888,188,238,6,24,1,1,0,0,4,4
1889,188,238,6,24,1,1,0,0,4,4
1890,188,238,6,24,1,1,0,0,4,4
1891,188,238,6,24,1,1,0,0,4,4
1892,188,238,6,24,1,1,0,0,4,4
1893,188,238,6,24,1,1,0,0,4,4
1894,188,238,6,24,1,1,0,0,4,4
1895,188,238,6,24,1,1,0,0,4,4
1896,189,238,6,24,1,1,0,0,4,4
1897,189,238,6,24,1,1,0,0,4,4
1898,190,238,6,24,1,1,0,0,4,4
1899,190,238,6,24,1,1,0,0,4,4
1900,191,238,6,24,1,1,0,0,4,4
1901,191,238,6,24,1,1,0,0,4,4
1902,192,238,6,24,1,1,0,0,4,4
1903,192,238,6,24,1,1,0,0,4,4
1904,192,238,6,24,1,1,0,0,4,4
1905,192,238,6,24,1,1,0,0,4,4
1906,192,238,6,24,1,1,0,0,4,4
1907,192,238,6,24,1,1,0,0,4,4
1908,192,238,6,24,1,1,0,0,4,4
1909,192,238,6,24,1,1,0,0,4,4
1910,192,238,6,24,1,1,0,0,4,4
1911,192,238,6,24,1,1,0,0,4,4
1912,192,238,6,24,1,1,0,0,4,4
1913,192,238,6,24,1,1,0,0,4,4
1914,192,238,6,24,1,1,0,0,4,4
1915,192,238,6,24,1,1,0,0,4,4
1916,192,238,6,24,1,1,0,0,4,4
1917,192,238,6,24,1,1,0,0,4,4
1918,192,238,6,24,1,1,0,0,4,4
1919,192,238,6,24,1,1,0,0,4,4
1920,192,238,6,24,1,1,0,0,4,4
1921,192,238,6,24,1,1,0,0,4,4
1922,192,238,6,24,1,1,0,0,4,4
1923,192,238,6,24,1,1,0,0,4,4
1924,193,238,6,24,1,1,0,0,4,4
1925,193,238,6,24,1,1,0,0,4,4
1926,193,238,6,24,1,1,0,0,4,4
1927,193,238,6,24,1,1,0,0,4,4
1928,193,238,6,24,1,1,0,0,4,4
1929,193,238,6,24,1,1,0,0,4,4
1930,193,238,6,24,1,1,0,0,4,4
1931,193,238,6,24,1,1,0,0,4,4
1932,193,238,6,24,1,1,0,0,4,4
1933,193,238,6,24,1,1,0,0,4,4
1934,193,238,6,24,1,1,0,0,4,4
1935,193,238,6,24,1,1,0,0,4,4
1936,193,238,6,24,1,1,0,0,4,4
1937,193,238,6,24,1,1,0,0,4,4
1938,193,238,6,24,1,1,0,0,4,4
1939,193,238,6,24,1,1,0,0,4,4
1940,194,238,6,24,1,1,0,0,4,4
1941,194,238,6,24,1,1,0,0,4,4
1942,194,238,6,24,1,1,0,0,4,4
1943,194,238,6,24,1,1,0,0,4,4
1944,195,238,6,24,1,1,0,0,4,4
1945,195,238,6,24,1,1,0,0,4,4
1946,195,238,6,24,1,1,0,0,4,4
1947,195,238,6,24,1,1,0,0,4,4
1948,196,238,6,24,1,1,0,0,4,4
1949,197,238,6,24,1,1,0,0,4,4
1950,197,238,6,24,1,1,0,0,4,4
1951,197,238,6,24,1,1,0,0,4,4
1952,197,238,6,24,1,1,0,0,4,4
1953,197,238,6,24,1,1,0,0,4,4
1954,197,238,6,24,1,1,0,0,4,4
1955,198,238,6,24,1,1,0,0,4,4
1956,198,238,6,24,1,1,0,0,4,4
1957,198,238,6,24,1,1,0,0,4,4
1958,198,238,6,24,1,1,0,0,4,4
1959,198,238,6,24,1,1,0,0,4,4
1960,198,238,6,24,1,1,0,0,4,4
1961,198,238,6,24,1,1,0,0,4,4
1962,199,238,6,24,1,1,0,0,4,4
1963,199,238,6,24,1,1,0,0,4,4
1964,200,238,6,24,1,1,0,0,4,4
1965,200,238,6,24,1,1,0,0,4,4
1966,200,238,6,24,1,1,0,0,4,4
1967,200,238,6,24,1,1,0,0,4,4
1968,200,238,6,24,1,1,0,0,4,4
1969,200,238,6,24,1,1,0,0,4,4
1970,200,238,6,24,1,1,0,0,4,4
1971,200,238,6,24,1,1,0,0,4,4
1972,200,238,6,24,1,1,0,0,4,4
1973,200,238,6,24,1,1,0,0,4,4
1974,200,238,6,24,1,1,0,0,4,4
1975,200,238,6,24,1,1,0,0,4,4
1976,200,238,6,24,1,1,0,0,4,4
1977,200,238,6,24,1,1,0,0,4,4
1978,200,238,6,24,1,1,0,0,4,4
1979,200,238,6,24,1,1,0,0,4,4
1980,200,238,6,24,1,1,0,0,4,4
1981,200,238,6,24,1,1,0,0,4,4
1982,201,238,6,24,1,1,0,0,4,4
1983,201,238,6,24,1,1,0,0,4,4
1984,201,238,6,24,1,1,0,0,4,4
1985,201,238,6,24,1,1,0,0,4,4
1986,201,238,6,24,1,1,0,0,4,4
1987,201,238,6,24,1,1,0,0,4,4
1988,201,238,6,24,1,1,0,0,4,4
1989,201,238,6,24,1,1,0,0,4,4
1990,201,238,6,24,1,1,0,0,4,4
1991,201,238,6,24,1,1,0,0,4,4
1992,201,238,6,24,1,1,0,0,4,4
1993,201,238,6,24,1,1,0,0,4,4
1994,202,238,6,24,1,1,0,0,4,4
1995,202,238,6,24,1,1,0,0,4,4
1996,202,238,6,24,1,1,0,0,4,4
1997,202,238,6,24,1,1,0,0,4,4
1998,202,238,6,24,1,1,0,0,4,4
1999,202,238,6,24,1,1,0,0,4,4
2000,202,238,6,24,1,1,0,0,4,4
2001,202,238,6,24,1,1,0,0,4,4
2002,202,238,6,24,1,1,0,0,4,4
2003,202,238,6,24,1,1,0,0,4,4
2004,202,238,6,24,1,1,0,0,4,4
2005,203,238,6,24,1,1,0,0,4,4
2006,204,238,6,24,1,1,0,0,4,4
2007,204,238,6,24,1,1,0,0,4,4
2008,204,238,6,24,1,1,0,0,4,4
2009,204,238,6,24,1,1,0,0,4,4
2010,204,238,6,24,1,1,0,0,4,4
2011,204,238,6,24,1,1,0,0,4,4
2012,204,238,6,24,1,1,0,0,4,4
2013,204,238,6,24,1,1,0,0,4,4
2014,204,238,6,24,1,1,0,0,4,4
2015,204,238,6,24,1,1,0,0,4,4
2016,204,238,6,24,1,1,0,0,4,4
2017,204,238,6,24,1,1,0,0,4,4
2018,204,238,6,24,1,1,0,0,4,4
2019,204,238,6,24,1,1,0,0,4,4
2020,204,238,6,24,1,1,0,0,4,4
2021,204,238,6,24,1,1,0,0,4,4
2022,204,238,6,24,1,1,0,0,4,4
2023,204,238,6,24,1,1,0,0,4,4
2024,204,238,6,24,1,1,0,0,4,4
2025,204,238,6,24,1,1,0,0,4,4
2026,204,238,6,24,1,1,0,0,4,4
2027,204,238,6,24,1,1,0,0,4,4
2028,204,238,6,24,1,1,0,0,4,4
2029,204,238,6,24,1,1,0,0,4,4
2030,204,238,6,24,1,1,0,0,4,4
2031,204,238,6,24,1,1,0,0,4,4
2032,204,238,6,24,1,1,0,0,4,4
2033,204,238,6,24,1,1,0,0,4,4
2034,204,238,6,24,1,1,0,0,4,4
2035,204,238,6,24,1,1,0,0,4,4
2036,204,238,6,24,1,1,0,0,4,4
2037,204,238,6,24,1,1,0,0,4,4
2038,204,238,6,24,1,1,0,0,4,4
2039,204,238,6,24,1,1,0,0,4,4
2040,204,238,6,24,1,1,0,0,4,4
2041,204,238,6,24,1,1,0,0,4,4
2042,204,238,6,24,1,1,0,0,4,4
2043,204,238,6,24,1,1,0,0,4,4
2044,204,238,6,24,1,1,0,0,4,4
2045,204,238,6,24,1,1,0,0,4,4
2046,204,238,6,24,1,1,0,0,4,4
2047,204,238,6,24,1,1,0,0,4,4
2048,204,238,6,24,1,1,0,0,4,4
2049,204,238,6,24,1,1,0,0,4,4
2050,204,238,6,24,1,1,0,0,4,4
2051,204,238,6,24,1,1,0,0,4,4
2052,204,238,6,24,1,1,0,0,4,4
2053,204,238,6,24,1,1,0,0,4,4
2054,204,238,6,24,1,1,0,0,4,4
2055,204,238,6,24,1,1,0,0,4,4
2056,204,238,6,24,1,1,0,0,4,4
2057,204,238,6,24,1,1,0,0,4,4
2058,204,238,6,24,1,1,0,0,4,4
2059,204,238,6,24,1,1,0,0,4,4
2060,204,238,6,24,1,1,0,0,4,4
2061,204,238,6,24,1,1,0,0,4,4
2062,204,238,6,24,1,1,0,0,4,4
2063,204,238,6,24,1,1,0,0,4,4
2064,204,238,6,24,1,1,0,0,4,4
2065,204,238,6,24,1,1,0,0,4,4
2066,204,238,6,24,1,1,0,0,4,4
2067,204,238,6,24,1,1,0,0,4,4
2068,204,238,6,24,1,1,0,0,4,4
2069,204,238,6,24,1,1,0,0,4,4
2070,204,238,6,24,1,1,0,0,4,4
2071,204,238,6,24,1,1,0,0,4,4
2072,204,238,6,24,1,1,0,0,4,4
2073,204,238,6,24,1,1,0,0,4,4
2074,204,238,6,24,1,1,0,0,4,4
2075,204,238,6,24,1,1,0,0,4,4
2076,204,238,6,24,1,1,0,0,4,4
2077,204,238,6,24,1,1,0,0,4,4
2078,204,238,6,24,1,1,0,0,4,4
2079,204,238,6,24,1,1,0,0,4,4
2080,204,238,6,24,1,1,0,0,4,4
2081,204,238,6,24,1,1,0,0,4,4
2082,204,238,6,24,1,1,0,0,4,4
2083,204,238,6,24,1,1,0,0,4,4
2084,204,238,6,24,1,1,0,0,4,4
2085,204,238,6,24,1,1,0,0,4,4
2086,204,238,6,24,1,1,0,0,4,4
2087,204,238,6,24,1,1,0,0,4,4
2088,204,238,6,24,1,1,0,0,4,4
2089,204,238,6,24,1,1,0,0,4,4
2090,204,238,6,24,1,1,0,0,4,4
2091,204,238,6,24,1,1,0,0,4,4
2092,204,238,6,24,1,1,0,0,4,4
2093,204,238,6,24,1,1,0,0,4,4
2094,204,238,6,24,1,1,0,0,4,4
2095,204,238,6,24,1,1,0,0,4,4
2096,204,238,6,24,1,1,0,0,4,4
2097,204,238,6,24,1,1,0,0,4,4
2098,204,238,6,24,1,1,0,0,4,4
2099,204,238,6,24,1,1,0,0,4,4
2100,204,238,6,24,1,1,0,0,4,4
2101,204,238,6,24,1,1,0,0,4,4
2102,204,238,6,24,1,1,0,0,4,4
2103,204,238,6,24,1,1,0,0,4,4
2104,204,238,6,24,1,1,0,0,4,4
2105,204,238,6,24,1,1,0,0,4,4
2106,204,238,6,24,1,1,0,0,4,4
2107,204,238,6,24,1,1,0,0,4,4
2108,204,238,6,24,1,1,0,0,4,4
2109,204,238,6,24,1,1,0,0,4,4
2110,204,238,6,24,1,1,0,0,4,4
2111,204,238,6,24,1,1,0,0,4,4
2112,204,238,6,24,1,1,0,0,4,4
2113,204,238,6,24,1,1,0,0,4,4
2114,204,238,6,24,1,1,0,0,4,4
2115,204,238,6,24,1,1,0,0,4,4
2116,204,238,6,24,1,1,0,0,4,4
2117,204,238,6,24,1,1,0,0,4,4
2118,204,238,6,24,1,1,0,0,4,4
2119,204,238,6,24,1,1,0,0,4,4
2120,204,238,6,24,1,1,0,0,4,4
2121,204,238,6,24,1,1,0,0,4,4
2122,204,238,6,24,1,1,0,0,4,4
2123,204,238,6,24,1,1,0,0,4,4
2124,204,238,6,24,1,1,0,0,4,4
2125,204,238,6,24,1,1,0,0,4,4
2126,204,238,6,24,1,1,0,0,4,4
2127,204,238,6,24,1,1,0,0,4,4
2128,204,238,6,24,1,1,0,0,4,4
2129,204,238,6,24,1,1,0,0,4,4
2130,204,238,6,24,1,1,0,0,4,4
2131,204,238,6,24,1,1,0,0,4,4
2132,204,238,6,24,1,1,0,0,4,4
2133,204,238,6,24,1,1,0,0,4,4
2134,204,238,6,24,1,1,0,0,4,4
2135,204,238,6,24,1,1,0,0,4,4
2136,204,238,6,24,1,1,0,0,4,4
2137,204,238,6,24,1,1,0,0,4,4
2138,204,238,6,24,1,1,0,0,4,4
2139,204,238,6,24,1,1,0,0,4,4
2140,204,238,6,24,1,1,0,0,4,4
2141,204,238,6,24,1,1,0,0,4,4
2142,204,238,6,24,1,1,0,0,4,4
2143,204,238,6,24,1,1,0,0,4,4
2144,204,238,6,24,1,1,0,0,4,4
2145,204,238,6,24,1,1,0,0,4,4
2146,204,238,6,24,1,1,0,0,4,4
2147,204,238,6,24,1,1,0,0,4,4
2148,204,238,6,24,1,1,0,0,4,4
2149,204,238,6,24,1,1,0,0,4,4
2150,204,238,6,24,1,1,0,0,4,4
2151,204,238,6,24,1,1,0,0,4,4
2152,204,238,6,24,1,1,0,0,4,4
2153,204,238,6,24,1,1,0,0,4,4
2154,204,238,6,24,1,1,0,0,4,4
2155,204,238,6,24,1,1,0,0,4,4
2156,204,238,6,24,1,1,0,0,4,4
2157,204,238,6,24,1,1,0,0,4,4
2158,204,238,6,24,1,1,0,0,4,4
2159,204,238,6,24,1,1,0,0,4,4
2160,204,238,6,24,1,1,0,0,4,4
2161,204,238,6,24,1,1,0,0,4,4
2162,204,238,6,24,1,1,0,0,4,4
2163,204,238,6,24,1,1,0,0,4,4
2164,204,238,6,24,1,1,0,0,4,4
2165,204,238,6,24,1,1,0,0,4,4
2166,204,238,6,24,1,1,0,0,4,4
2167,204,238,6,24,1,1,0,0,4,4
2168,204,238,6,24,1,1,0,0,4,4
2169,204,238,6,24,1,1,0,0,4,4
2170,204,238,6,24,1,1,0,0,4,4
2171,204,238,6,24,1,1,0,0,4,4
2172,204,238,6,24,1,1,0,0,4,4
2173,204,238,6,24,1,1,0,0,4,4
2174,204,238,6,24,1,1,0,0,4,4
2175,204,238,6,24,1,1,0,0,4,4
2176,204,238,6,24,1,1,0,0,4,4
2177,204,238,6,24,1,1,0,0,4,4
2178,204,238,6,24,1,1,0,0,4,4
2179,204,238,6,24,1,1,0,0,4,4
2180,204,238,6,24,1,1,0,0,4,4
2181,204,238,6,24,1,1,0,0,4,4
2182,204,238,6,24,1,1,0,0,4,4
2183,204,238,6,24,1,1,0,0,4,4
2184,204,238,6,24,1,1,0,0,4,4
2185,204,238,6,24,1,1,0,0,4,4
2186,204,238,6,24,1,1,0,0,4,4
2187,204,238,6,24,1,1,0,0,4,4
2188,204,238,6,24,1,1,0,0,4,4
2189,204,238,6,24,1,1,0,0,4,4
2190,204,238,6,24,1,1,0,0,4,4
2191,204,238,6,24,1,1,0,0,4,4
2192,204,238,6,24,1,1,0,0,4,4
2193,204,238,6,24,1,1,0,0,4,4
2194,204,238,6,24,1,1,0,0,4,4
2195,204,238,6,24,1,1,0,0,4,4
2196,204,238,6,24,1,1,0,0,4,4
2197,204,238,6,24,1,1,0,0,4,4
2198,204,238,6,24,1,1,0,0,4,4
2199,204,238,6,24,1,1,0,0,4,4
2200,204,238,6,24,1,1,0,0,4,4
2201,204,238,6,24,1,1,0,0,4,4
2202,204,238,6,24,1,1,0,0,4,4
2203,204,238,6,24,1,1,0,0,4,4
2204,204,238,6,24,1,1,0,0,4,4
2205,204,238,6,24,1,1,0,0,4,4
2206,204,238,6,24,1,1,0,0,4,4
2207,204,238,6,24,1,1,0,0,4,4
2208,204,238,6,24,1,1,0,0,4,4
2209,204,238,6,24,1,1,0,0,4,4
2210,204,238,6,24,1,1,0,0,4,4
2211,204,238,6,24,1,1,0,0,4,4
2212,204,238,6,24,1,1,0,0,4,4
2213,204,238,6,24,1,1,0,0,4,4
2214,204,238,6,24,1,1,0,0,4,4
2215,204,238,6,24,1,1,0,0,4,4
2216,204,238,6,24,1,1,0,0,4,4
2217,204,238,6,24,1,1,0,0,4,4
2218,204,238,6,24,1,1,0,0,4,4
2219,204,238,6,24,1,1,0,0,4,4
2220,204,238,6,24,1,1,0,0,4,4
2221,204,238,6,24,1,1,0,0,4,4
2222,204,238,6,24,1,1,0,0,4,4
2223,204,238,6,24,1,1,0,0,4,4
2224,204,238,6,24,1,1,0,0,4,4
2225,204,238,6,24,1,1,0,0,4,4
2226,204,238,6,24,1,1,0,0,4,4
2227,204,238,6,24,1,1,0,0,4,4
2228,204,238,6,24,1,1,0,0,4,4
2229,204,238,6,24,1,1,0,0,4,4
2230,204,238,6,24,1,1,0,0,4,4
2231,204,238,6,24,1,1,0,0,4,4
2232,204,238,6,24,1,1,0,0,4,4
2233,204,238,6,24,1,1,0,0,4,4
2234,204,238,6,24,1,1,0,0,4,4
2235,204,238,6,24,1,1,0,0,4,4
2236,204,238,6,24,1,1,0,0,4,4
2237,204,238,6,24,1,1,0,0,4,4
2238,204,238,6,24,1,1,0,0,4,4
2239,204,238,6,24,1,1,0,0,4,4
2240,204,238,6,24,1,1,0,0,4,4
2241,204,238,6,24,1,1,0,0,4,4
2242,204,238,6,24,1,1,0,0,4,4
2243,204,238,6,24,1,1,0,0,4,4
2244,204,238,6,24,1,1,0,0,4,4
2245,204,238,6,24,1,1,0,0,4,4
2246,204,238,6,24,1,1,0,0,4,4
2247,204,238,6,24,1,1,0,0,4,4
2248,204,238,6,24,1,1,0,0,4,4
2249,204,238,6,24,1,1,0,0,4,4
2250,204,238,6,24,1,1,0,0,4,4
2251,204,238,6,24,1,1,0,0,4,4
2252,204,238,6,24,1,1,0,0,4,4
2253,204,238,6,24,1,1,0,0,4,4
2254,204,238,6,24,1,1,0,0,4,4
2255,204,238,6,24,1,1,0,0,4,4
2256,204,238,6,24,1,1,0,0,4,4
2257,204,238,6,24,1,1,0,0,4,4
2258,204,238,6,24,1,1,0,0,4,4
2259,204,238,6,24,1,1,0,0,4,4
